merk,type,price,detail,kursi,CC,BBM,link_img
Toyota,Kijang Innova G M/T Diesel,378000000,"7 Kursi, 2393 cc, 147 hp, Diesel",7 Kursi,2393 cc,Diesel,https://imgcdn.oto.com/medium/gallery/exterior/38/1240/toyota-kijang-innova-front-angle-low-view-351782.jpg
Toyota,Kijang Innova G A/T Diesel,399700000,"7 Kursi, 2393 cc, 147 hp, Diesel",7 Kursi,2393 cc,Diesel,https://imgcdn.oto.com/medium/gallery/exterior/38/1240/toyota-kijang-innova-front-angle-low-view-351782.jpg
Toyota,Kijang Innova V M/T Diesel,433800000,"7 Kursi, 2393 cc, 147 hp, Diesel",7 Kursi,2393 cc,Diesel,https://imgcdn.oto.com/medium/gallery/exterior/38/1240/toyota-kijang-innova-front-angle-low-view-351782.jpg
Toyota,Kijang Innova V A/T Diesel,453700000,"7 Kursi, 2393 cc, 147 hp, Diesel",7 Kursi,2393 cc,Diesel,https://imgcdn.oto.com/medium/gallery/exterior/38/1240/toyota-kijang-innova-front-angle-low-view-351782.jpg
Toyota,Kijang Innova G M/T Gasoline,359800000,"7 Kursi, 1998 cc, 137 hp, Bensin",7 Kursi,1998 cc,Bensin,https://imgcdn.oto.com/medium/gallery/exterior/38/1240/toyota-kijang-innova-front-angle-low-view-351782.jpg
Toyota,Kijang Innova G Luxury M/T Gasoline,364650000,"7 Kursi, 1998 cc, 137 hp, Bensin",7 Kursi,1998 cc,Bensin,https://imgcdn.oto.com/medium/gallery/exterior/38/1240/toyota-kijang-innova-front-angle-low-view-351782.jpg
Toyota,Kijang Innova G A/T Gasoline,380700000,"7 Kursi, 1998 cc, 137 hp, Bensin",7 Kursi,1998 cc,Bensin,https://imgcdn.oto.com/medium/gallery/exterior/38/1240/toyota-kijang-innova-front-angle-low-view-351782.jpg
Toyota,Kijang Innova G Luxury A/T Gasoline,387100000,"7 Kursi, 1998 cc, 137 hp, Bensin",7 Kursi,1998 cc,Bensin,https://imgcdn.oto.com/medium/gallery/exterior/38/1240/toyota-kijang-innova-front-angle-low-view-351782.jpg
Toyota,Kijang Innova V M/T Gasoline,413100000,"7 Kursi, 1998 cc, 137 hp, Bensin",7 Kursi,1998 cc,Bensin,https://imgcdn.oto.com/medium/gallery/exterior/38/1240/toyota-kijang-innova-front-angle-low-view-351782.jpg
Toyota,Kijang Innova V Luxury M/T Gasoline,419320000,"7 Kursi, 1998 cc, 137 hp, Bensin",7 Kursi,1998 cc,Bensin,https://imgcdn.oto.com/medium/gallery/exterior/38/1240/toyota-kijang-innova-front-angle-low-view-351782.jpg
Toyota,Kijang Innova V A/T Gasoline,433500000,"7 Kursi, 1998 cc, 137 hp, Bensin",7 Kursi,1998 cc,Bensin,https://imgcdn.oto.com/medium/gallery/exterior/38/1240/toyota-kijang-innova-front-angle-low-view-351782.jpg
Toyota,Kijang Innova V Luxury A/T Gasoline,440000000,"7 Kursi, 1998 cc, 137 hp, Bensin",7 Kursi,1998 cc,Bensin,https://imgcdn.oto.com/medium/gallery/exterior/38/1240/toyota-kijang-innova-front-angle-low-view-351782.jpg
Toyota,Avanza 1.3E MT,233100000,"7 Kursi, 1329 cc, 97 hp, Bensin",7 Kursi,1329 cc,Bensin,https://imgcdn.oto.com/medium/gallery/exterior/38/1654/toyota-avanza-front-angle-low-view-844132.jpg
Toyota,Avanza 1.3 E CVT,247800000,"7 Kursi, 1329 cc, 97 hp, Bensin",7 Kursi,1329 cc,Bensin,https://imgcdn.oto.com/medium/gallery/exterior/38/1654/toyota-avanza-front-angle-low-view-844132.jpg
Toyota,Avanza 1.5 G MT,255100000,"7 Kursi, 1496 cc, 105 hp, Bensin",7 Kursi,1496 cc,Bensin,https://imgcdn.oto.com/medium/gallery/exterior/38/1654/toyota-avanza-front-angle-low-view-844132.jpg
Toyota,Avanza 1.5 G CVT,269800000,"7 Kursi, 1496 cc, 105 hp, Bensin",7 Kursi,1496 cc,Bensin,https://imgcdn.oto.com/medium/gallery/exterior/38/1654/toyota-avanza-front-angle-low-view-844132.jpg
Toyota,Avanza 1.5 G CVT TSS,295800000,"7 Kursi, 1496 cc, 105 hp, Bensin",7 Kursi,1496 cc,Bensin,https://imgcdn.oto.com/medium/gallery/exterior/38/1654/toyota-avanza-front-angle-low-view-844132.jpg
Toyota,Fortuner 2.4 G MT,530800000,"7 Kursi, 2393 cc, 148 hp, Diesel",7 Kursi,2393 cc,Diesel,https://imgcdn.oto.com/medium/gallery/exterior/38/894/toyota-fortuner-front-angle-low-view-678192.jpg
Toyota,Fortuner 2.4 G AT,548500000,"7 Kursi, 2393 cc, 148 hp, Diesel",7 Kursi,2393 cc,Diesel,https://imgcdn.oto.com/medium/gallery/exterior/38/894/toyota-fortuner-front-angle-low-view-678192.jpg
Toyota,Fortuner 2.4 VRZ AT,574600000,"7 Kursi, 2393 cc, 148 hp, Diesel",7 Kursi,2393 cc,Diesel,https://imgcdn.oto.com/medium/gallery/exterior/38/894/toyota-fortuner-front-angle-low-view-678192.jpg
Toyota,Fortuner 2.4 GR Sport AT,591600000,"7 Kursi, 2393 cc, 148 hp, Diesel",7 Kursi,2393 cc,Diesel,https://imgcdn.oto.com/medium/gallery/exterior/38/894/toyota-fortuner-front-angle-low-view-678192.jpg
Toyota,Fortuner 4x2 2.8 VRZ AT DSL,595200000,"7 Kursi, 2755 cc, 200 hp, Diesel",7 Kursi,2755 cc,Diesel,https://imgcdn.oto.com/medium/gallery/exterior/38/894/toyota-fortuner-front-angle-low-view-678192.jpg
Toyota,Fortuner 4x2 2.8 GR Sport AT DSL,612300000,"7 Kursi, 2755 cc, 200 hp, Diesel",7 Kursi,2755 cc,Diesel,https://imgcdn.oto.com/medium/gallery/exterior/38/894/toyota-fortuner-front-angle-low-view-678192.jpg
Toyota,Fortuner 4x4 2.8 GR Sport AT DSL,694900000,"7 Kursi, 2755 cc, 200 hp, Diesel",7 Kursi,2755 cc,Diesel,https://imgcdn.oto.com/medium/gallery/exterior/38/894/toyota-fortuner-front-angle-low-view-678192.jpg
Toyota,Fortuner 2.7 GR Sport AT,575000000,"7 Kursi, 2694 cc, 161 hp, Bensin",7 Kursi,2694 cc,Bensin,https://imgcdn.oto.com/medium/gallery/exterior/38/894/toyota-fortuner-front-angle-low-view-678192.jpg
Toyota,Rush G MT,277600000,"7 Kursi, 1496 cc, 103 hp, Bensin",7 Kursi,1496 cc,Bensin,https://imgcdn.oto.com/large/gallery/exterior/38/1900/toyota-rush-front-angle-low-view-490775.jpg
Toyota,Rush G AT,288400000,"7 Kursi, 1496 cc, 103 hp, Bensin",7 Kursi,1496 cc,Bensin,https://imgcdn.oto.com/large/gallery/exterior/38/1900/toyota-rush-front-angle-low-view-490775.jpg
Toyota,Rush 1.5 S MT GR Sport,290300000,"7 Kursi, 1496 cc, 103 hp, Bensin",7 Kursi,1496 cc,Bensin,https://imgcdn.oto.com/large/gallery/exterior/38/1900/toyota-rush-front-angle-low-view-490775.jpg
Toyota,Rush 1.5 S AT GR Sport,301000000,"7 Kursi, 1496 cc, 103 hp, Bensin",7 Kursi,1496 cc,Bensin,https://imgcdn.oto.com/large/gallery/exterior/38/1900/toyota-rush-front-angle-low-view-490775.jpg
Toyota,Raize 1.2 G MT,229800000,"5 Kursi, 1198 cc, 87 hp, Bensin",5 Kursi,1198 cc,Bensin,https://imgcdn.oto.com/large/gallery/exterior/38/2367/toyota-raize-rear-cross-side-view-739606.jpg
Toyota,Raize 1.2 G CVT,244700000,"5 Kursi, 1198 cc, 87 hp, Bensin",5 Kursi,1198 cc,Bensin,https://imgcdn.oto.com/large/gallery/exterior/38/2367/toyota-raize-rear-cross-side-view-739606.jpg
Toyota,Raize 1.0 Turbo G MT,249200000,"5 Kursi, 998 cc, 97 hp, Bensin",5 Kursi,998 cc,Bensin,https://imgcdn.oto.com/large/gallery/exterior/38/2367/toyota-raize-rear-cross-side-view-739606.jpg
Toyota,Raize 1.0 Turbo G CVT,264300000,"5 Kursi, 998 cc, 97 hp, Bensin",5 Kursi,998 cc,Bensin,https://imgcdn.oto.com/large/gallery/exterior/38/2367/toyota-raize-rear-cross-side-view-739606.jpg
Toyota,Raize 1.0 Turbo GR Sport CVT,277600000,"5 Kursi, 998 cc, 97 hp, Bensin",5 Kursi,998 cc,Bensin,https://imgcdn.oto.com/large/gallery/exterior/38/2367/toyota-raize-rear-cross-side-view-739606.jpg
Toyota,Raize 1.0 Turbo GR Sport CVT TSS,299200000,"5 Kursi, 998 cc, 97 hp, Bensin",5 Kursi,998 cc,Bensin,https://imgcdn.oto.com/large/gallery/exterior/38/2367/toyota-raize-rear-cross-side-view-739606.jpg
Toyota,Agya 1.2L G M/T,155500000,"5 Kursi, 1197 cc, 87 hp, Bensin",5 Kursi,1197 cc,Bensin,https://imgcdn.oto.com/large/gallery/exterior/38/1732/toyota-agya-front-angle-low-view-272679.jpg
Toyota,Agya 1.2L GR Sport M/T,160900000,"5 Kursi, 1197 cc, 87 hp, Bensin",5 Kursi,1197 cc,Bensin,https://imgcdn.oto.com/large/gallery/exterior/38/1732/toyota-agya-front-angle-low-view-272679.jpg
Toyota,Agya 1.2L G A/T,168900000,"5 Kursi, 1197 cc, 87 hp, Bensin",5 Kursi,1197 cc,Bensin,https://imgcdn.oto.com/large/gallery/exterior/38/1732/toyota-agya-front-angle-low-view-272679.jpg
Toyota,Agya 1.2L GR Sport A/T,176600000,"5 Kursi, 1197 cc, 87 hp, Bensin",5 Kursi,1197 cc,Bensin,https://imgcdn.oto.com/large/gallery/exterior/38/1732/toyota-agya-front-angle-low-view-272679.jpg
Toyota,Yaris G CVT 3 AB,292400000,"5 Kursi, 1496 cc, 106 hp, Bensin",5 Kursi,1496 cc,Bensin,https://imgcdn.oto.com/large/gallery/exterior/38/1924/toyota-yaris-front-angle-low-view-893015.jpg
Toyota,Yaris 1.5 S M/T GR Sport 3 AB,304000000,"5 Kursi, 1496 cc, 106 hp, Bensin",5 Kursi,1496 cc,Bensin,https://imgcdn.oto.com/large/gallery/exterior/38/1924/toyota-yaris-front-angle-low-view-893015.jpg
Toyota,Yaris 1.5 S CVT GR Sport 3 AB,316200000,"5 Kursi, 1496 cc, 106 hp, Bensin",5 Kursi,1496 cc,Bensin,https://imgcdn.oto.com/large/gallery/exterior/38/1924/toyota-yaris-front-angle-low-view-893015.jpg
Toyota,Yaris 1.5 S CVT GR Sport 7 AB,321600000,"5 Kursi, 1496 cc, 106 hp, Bensin",5 Kursi,1496 cc,Bensin,https://imgcdn.oto.com/large/gallery/exterior/38/1924/toyota-yaris-front-angle-low-view-893015.jpg
Toyota,Alphard 2.5 X A/T,115000000,"7 Kursi, 2494 cc, 178 hp, Bensin",7 Kursi,2494 cc,Bensin,https://imgcdn.oto.com/large/gallery/exterior/38/1917/toyota-alphard-front-angle-low-view-530124.jpg
Toyota,Alphard 2.5 G A/T,1300000000,"7 Kursi, 2494 cc, 178 hp, Bensin",7 Kursi,2494 cc,Bensin,https://imgcdn.oto.com/large/gallery/exterior/38/1917/toyota-alphard-front-angle-low-view-530124.jpg
Toyota,Alphard 3.5 Q A/T,158000000,"7 Kursi, 3456 cc, 296 hp, Bensin",7 Kursi,3456 cc,Bensin,https://imgcdn.oto.com/large/gallery/exterior/38/1917/toyota-alphard-front-angle-low-view-530124.jpg
Toyota,Hiace Commuter Manual,539200000,"11 Kursi, 2494 cc, 101 hp, Diesel",11 Kursi,2494 cc,Diesel,https://imgcdn.oto.com/large/gallery/exterior/38/801/toyota-hiace-front-angle-low-view-454261.jpg
Toyota,Hiace Premio,621700000,"16 Kursi, 2755 cc, 154 hp, Diesel",16 Kursi,2755 cc,Diesel,https://imgcdn.oto.com/large/gallery/exterior/38/801/toyota-hiace-front-angle-low-view-454261.jpg
Toyota,Venturer 2.4L AT DSL,517600000,"6 Kursi, 2393 cc, 147 hp, Diesel",6 Kursi,2393 cc,Diesel,https://imgcdn.oto.com/large/gallery/exterior/38/2017/toyota-venturer-front-angle-low-view-755891.jpg
Toyota,Venturer 2.0L AT BSN,485200000,"6 Kursi, 1998 cc, 137 hp, Bensin",6 Kursi,1998 cc,Bensin,https://imgcdn.oto.com/large/gallery/exterior/38/2017/toyota-venturer-front-angle-low-view-755891.jpg
Toyota,Hilux 2.4L DSL Single Cab 4x2 MT,275400000,"2 Kursi, 2393 cc, 147 hp, Diesel",2 Kursi,2393 cc,Diesel,https://imgcdn.oto.com/large/gallery/exterior/38/387/toyota-hilux-front-angle-low-view-622064.jpg
Toyota,Hilux 2.4L DSL Single Cab 4x4 MT,367000000,"2 Kursi, 2393 cc, 148 hp, Diesel",2 Kursi,2393 cc,Diesel,https://imgcdn.oto.com/large/gallery/exterior/38/387/toyota-hilux-front-angle-low-view-622064.jpg
Toyota,Hilux 2.4L D-Cab V AT,495300000,"5 Kursi, 2393 cc, 148 hp, Diesel",5 Kursi,2393 cc,Diesel,https://imgcdn.oto.com/large/gallery/exterior/38/387/toyota-hilux-front-angle-low-view-622064.jpg
Toyota,Hilux 2.0L Single Cab,262800000,"2 Kursi, 1998 cc, 137 hp, Bensin",2 Kursi,1998 cc,Bensin,https://imgcdn.oto.com/large/gallery/exterior/38/387/toyota-hilux-front-angle-low-view-622064.jpg
Toyota,Land Cruiser VX-R,235000000,"7 Kursi, 3346 cc, 301 hp, Diesel",7 Kursi,3346 cc,Diesel,https://imgcdn.oto.com/large/gallery/exterior/38/1349/toyota-land-cruiser-front-angle-low-view-515376.jpg
Toyota,Land Cruiser GR-S,2400000000,"7 Kursi, 3346 cc, 301 hp, Diesel",7 Kursi,3346 cc,Diesel,https://imgcdn.oto.com/large/gallery/exterior/38/1349/toyota-land-cruiser-front-angle-low-view-515376.jpg
Toyota,Calya 1.2 E MT STD,151600000,"7 Kursi, 1197 cc, 87 hp, Bensin",7 Kursi,1197 cc,Bensin,https://imgcdn.oto.com/large/gallery/exterior/38/2233/toyota-calya-front-angle-low-view-361162.jpg
Toyota,Calya E MT,154400000,"7 Kursi, 1197 cc, 87 hp, Bensin",7 Kursi,1197 cc,Bensin,https://imgcdn.oto.com/large/gallery/exterior/38/2233/toyota-calya-front-angle-low-view-361162.jpg
Toyota,Calya G MT,160900000,"7 Kursi, 1197 cc, 87 hp, Bensin",7 Kursi,1197 cc,Bensin,https://imgcdn.oto.com/large/gallery/exterior/38/2233/toyota-calya-front-angle-low-view-361162.jpg
Toyota,Calya G AT,174900000,"7 Kursi, 1197 cc, 87 hp, Bensin",7 Kursi,1197 cc,Bensin,https://imgcdn.oto.com/large/gallery/exterior/38/2233/toyota-calya-front-angle-low-view-361162.jpg
Toyota,86 TRD A/T,830000000,"4 Kursi, 1998 cc, 197 hp, Bensin",4 Kursi,1998 cc,Bensin,https://imgcdn.oto.com/large/gallery/exterior/38/349/toyota-86-front-angle-low-view-588817.jpg
Toyota,Voxy CVT,562700000,"7 Kursi, 1986 cc, 168 hp, Bensin",7 Kursi,1986 cc,Bensin,https://imgcdn.oto.com/large/gallery/exterior/38/849/toyota-voxy-front-angle-low-view-373951.jpg
Toyota,Sienta V CVT,312700000,"7 Kursi, 1497 cc, 106 hp, Bensin",7 Kursi,1497 cc,Bensin,https://imgcdn.oto.com/large/gallery/exterior/38/1316/toyota-sienta-front-angle-low-view-433415.jpg
Toyota,Sienta Q CVT,334300000,"7 Kursi, 1497 cc, 106 hp, Bensin",7 Kursi,1497 cc,Bensin,https://imgcdn.oto.com/large/gallery/exterior/38/1316/toyota-sienta-front-angle-low-view-433415.jpg
Toyota,Sienta Welcab CVT,405100000,"7 Kursi, 1497 cc, 106 hp, Bensin",7 Kursi,1497 cc,Bensin,https://imgcdn.oto.com/large/gallery/exterior/38/1316/toyota-sienta-front-angle-low-view-433415.jpg
Toyota,Camry 2.5 V,682400000,"5 Kursi, 2494 cc, 180 hp, Bensin",5 Kursi,2494 cc,Bensin,https://imgcdn.oto.com/large/gallery/exterior/38/334/toyota-camry-front-angle-low-view-461058.jpg
Toyota,Vios E MT,289500000,"5 Kursi, 1496 cc, 106 hp, Bensin",5 Kursi,1496 cc,Bensin,https://imgcdn.oto.com/large/gallery/exterior/38/1798/toyota-vios-front-angle-low-view-997090.jpg
Toyota,Vios G M/T,307300000,"5 Kursi, 1496 cc, 106 hp, Bensin",5 Kursi,1496 cc,Bensin,https://imgcdn.oto.com/large/gallery/exterior/38/1798/toyota-vios-front-angle-low-view-997090.jpg
Toyota,Vios G CVT,321800000,"5 Kursi, 1496 cc, 106 hp, Bensin",5 Kursi,1496 cc,Bensin,https://imgcdn.oto.com/large/gallery/exterior/38/1798/toyota-vios-front-angle-low-view-997090.jpg
Toyota,Camry Hybrid 2.5 HV,813500000,"5 Kursi, 2487 cc, 176 hp, Bensin",5 Kursi,2487 cc,Bensin,https://imgcdn.oto.com/large/gallery/exterior/38/2166/toyota-camry-hybrid-front-angle-low-view-319142.jpg
Toyota,GR Yaris 1.6L MT,0,"4 Kursi, 1618 cc, 257 hp, Bensin",4 Kursi,1618 cc,Bensin,https://imgcdn.oto.com/large/gallery/exterior/38/2433/toyota-gr-yaris-front-angle-low-view-278923.jpg
Toyota,Corolla Cross 1.8L,463510000,"5 Kursi, 1798 cc, 138 hp, Bensin",5 Kursi,1798 cc,Bensin,https://imgcdn.oto.com/large/gallery/exterior/38/2304/toyota-corolla-cross-front-angle-low-view-319410.jpg
Toyota,Corolla Cross 1.8L Hybrid,519200000,"5 Kursi, 1798 cc, 97 hp, Bensin",5 Kursi,1798 cc,Bensin,https://imgcdn.oto.com/large/gallery/exterior/38/2304/toyota-corolla-cross-front-angle-low-view-319410.jpg
Toyota,Vellfire 2.5 G A/T,132000000,"7 Kursi, 2494 cc, 178 hp, Bensin",7 Kursi,2494 cc,Bensin,https://imgcdn.oto.com/large/gallery/exterior/38/1916/toyota-vellfire-front-angle-low-view-641185.jpg
Toyota,Corolla Altis V AT,471900000,"5 Kursi, 1798 cc, 138 hp, Bensin",5 Kursi,1798 cc,Bensin,https://imgcdn.oto.com/large/gallery/exterior/38/2227/toyota-corolla-altis-front-angle-low-view-476434.jpg
Toyota,Corolla Altis Hybrid AT,521100000,"5 Kursi, 1798 cc, 94 hp, Bensin",5 Kursi,1798 cc,Bensin,https://imgcdn.oto.com/large/gallery/exterior/38/2227/toyota-corolla-altis-front-angle-low-view-476434.jpg
Honda,Brio Satya S,155700000,"5 Kursi, 1199 cc, 89 hp, Bensin",5 Kursi,1199 cc,Bensin,https://imgcdn.oto.com/large/gallery/exterior/14/1995/honda-brio-front-angle-low-view-746781.jpg
Honda,Brio Satya E,168200000,"5 Kursi, 1199 cc, 89 hp, Bensin",5 Kursi,1199 cc,Bensin,https://imgcdn.oto.com/large/gallery/exterior/14/1995/honda-brio-front-angle-low-view-746781.jpg
Honda,Brio Satya E CVT,184000000,"5 Kursi, 1199 cc, 89 hp, Bensin",5 Kursi,1199 cc,Bensin,https://imgcdn.oto.com/large/gallery/exterior/14/1995/honda-brio-front-angle-low-view-746781.jpg
Honda,Brio RS,216100000,"5 Kursi, 1199 cc, 89 hp, Bensin",5 Kursi,1199 cc,Bensin,https://imgcdn.oto.com/large/gallery/exterior/14/1995/honda-brio-front-angle-low-view-746781.jpg
Honda,Brio RS MT Urbanite Edition,225900000,"5 Kursi, 1199 cc, 89 hp, Bensin",5 Kursi,1199 cc,Bensin,https://imgcdn.oto.com/large/gallery/exterior/14/1995/honda-brio-front-angle-low-view-746781.jpg
Honda,Brio RS CVT,226100000,"5 Kursi, 1199 cc, 89 hp, Bensin",5 Kursi,1199 cc,Bensin,https://imgcdn.oto.com/large/gallery/exterior/14/1995/honda-brio-front-angle-low-view-746781.jpg
Honda,Brio RS CVT Urbanite Edition,235900000,"5 Kursi, 1199 cc, 89 hp, Bensin",5 Kursi,1199 cc,Bensin,https://imgcdn.oto.com/large/gallery/exterior/14/1995/honda-brio-front-angle-low-view-746781.jpg
Honda,HRV 1.5L E CVT,282900000,"5 Kursi, 1498 cc, 119 hp, Bensin",5 Kursi,1498 cc,Bensin,https://imgcdn.oto.com/large/gallery/exterior/14/1995/honda-brio-front-angle-low-view-746781.jpg
Honda,HRV 1.5L S CVT,362900000,"5 Kursi, 1498 cc, 119 hp, Bensin",5 Kursi,1498 cc,Bensin,https://imgcdn.oto.com/large/gallery/exterior/14/2435/honda-hr-v-2022-front-angle-low-view-753385.jpg
Honda,HRV 1.5L SE CVT,403100000,"5 Kursi, 1498 cc, 119 hp, Bensin",5 Kursi,1498 cc,Bensin,https://imgcdn.oto.com/large/gallery/exterior/14/2435/honda-hr-v-2022-front-angle-low-view-753385.jpg
Honda,HRV 1.5L Turbo RS,513900000,"5 Kursi, 1498 cc, 175 hp, Bensin",5 Kursi,1498 cc,Bensin,https://imgcdn.oto.com/large/gallery/exterior/14/2435/honda-hr-v-2022-front-angle-low-view-753385.jpg
Honda,Civic Type R 6-Speed MT,118000000,"5 Kursi, 1996 cc, 306 hp, Bensin",5 Kursi,1996 cc,Bensin,https://imgcdn.oto.com/large/gallery/exterior/14/524/honda-civic-type-r-front-angle-low-view-794924.jpg
Honda,BRV S MT,281100000,"7 Kursi, 1497 cc, 119 hp, Bensin",7 Kursi,1497 cc,Bensin,https://imgcdn.oto.com/large/gallery/exterior/14/891/honda-br-v-front-angle-low-view-930304.jpg
Honda,BRV E MT,295300000,"7 Kursi, 1497 cc, 119 hp, Bensin",7 Kursi,1497 cc,Bensin,https://imgcdn.oto.com/large/gallery/exterior/14/891/honda-br-v-front-angle-low-view-930304.jpg
Honda,BRV E CVT,305300000,"7 Kursi, 1497 cc, 119 hp, Bensin",7 Kursi,1497 cc,Bensin,https://imgcdn.oto.com/large/gallery/exterior/14/891/honda-br-v-front-angle-low-view-930304.jpg
Honda,BRV Prestige CVT,327600000,"7 Kursi, 1497 cc, 119 hp, Bensin",7 Kursi,1497 cc,Bensin,https://imgcdn.oto.com/large/gallery/exterior/14/891/honda-br-v-front-angle-low-view-930304.jpg
Honda,BRV Prestige CVT With Honda Sensing,346600000,"7 Kursi, 1497 cc, 119 hp, Bensin",7 Kursi,1497 cc,Bensin,https://imgcdn.oto.com/large/gallery/exterior/14/891/honda-br-v-front-angle-low-view-930304.jpg
Honda,CRV 2.0L,515900000,"5 Kursi, 1997 cc, 152 hp, Bensin",5 Kursi,1997 cc,Bensin,https://imgcdn.oto.com/large/gallery/exterior/14/1734/honda-cr-v-front-angle-low-view-378288.jpg
Honda,CRV 1.5L Turbo,590900000,"7 Kursi, 1498 cc, 187 hp, Bensin",7 Kursi,1498 cc,Bensin,https://imgcdn.oto.com/large/gallery/exterior/14/1734/honda-cr-v-front-angle-low-view-378288.jpg
Honda,CRV 1.5L Turbo Prestige,651400000,"7 Kursi, 1498 cc, 187 hp, Bensin",7 Kursi,1498 cc,Bensin,https://imgcdn.oto.com/large/gallery/exterior/14/1734/honda-cr-v-front-angle-low-view-378288.jpg
Honda,CRV 1.5L Black Edition,666400000,"7 Kursi, 1498 cc, 187 hp, Bensin",7 Kursi,1498 cc,Bensin,https://imgcdn.oto.com/large/gallery/exterior/14/1734/honda-cr-v-front-angle-low-view-378288.jpg
Honda,Mobilio S MT,229900000,"7 Kursi, 1496 cc, 116 hp, Bensin",7 Kursi,1496 cc,Bensin,https://imgcdn.oto.com/large/gallery/exterior/14/98/honda-mobilio-front-angle-low-view-835646.jpg
Honda,Civic RS 1.5L,584900000,"5 Kursi, 1498 cc, 176 hp, Bensin",5 Kursi,1498 cc,Bensin,https://imgcdn.oto.com/large/gallery/exterior/14/2482/honda-civic-rs-front-angle-low-view-135141.jpg
Honda,City E CVT,365400000,"5 Kursi, 1498 cc, 119 hp, Bensin",5 Kursi,1498 cc,Bensin,https://imgcdn.oto.com/large/gallery/exterior/14/2482/honda-civic-rs-front-angle-low-view-135141.jpg
Honda,City Hatchback RS MT,333600000,"5 Kursi, 1498 cc, 119 hp, Bensin",5 Kursi,1498 cc,Bensin,https://imgcdn.oto.com/large/gallery/exterior/14/2365/honda-city-hatchback-front-angle-low-view-183553.jpg
Honda,City Hatchback RS CVT,343600000,"5 Kursi, 1498 cc, 119 hp, Bensin",5 Kursi,1498 cc,Bensin,https://imgcdn.oto.com/large/gallery/exterior/14/2365/honda-city-hatchback-front-angle-low-view-183553.jpg
Honda,"City Hatchback RS CVT	Honda Sensing",362600000,"5 Kursi, 1498 cc, 119 hp, Bensin",5 Kursi,1498 cc,Bensin,https://imgcdn.oto.com/large/gallery/exterior/14/2365/honda-city-hatchback-front-angle-low-view-183553.jpg
Honda,Accord 1.5L,770900000,"5 Kursi, 1498 cc, 187 hp, Bensin",5 Kursi,1498 cc,Bensin,https://imgcdn.oto.com/large/gallery/exterior/14/2193/honda-accord-2019-front-angle-low-view-182866.jpg
Mitsubishi,Xpander GLS M/T,253400000,"7 Kursi, 1499 cc, 104 hp, Bensin",7 Kursi,1499 cc,Bensin,https://imgcdn.oto.com/large/gallery/exterior/28/1635/mitsubishi-xpander-front-angle-low-view-495104.jpg
Mitsubishi,Xpander GLS CVT,262600000,"7 Kursi, 1499 cc, 104 hp, Bensin",7 Kursi,1499 cc,Bensin,https://imgcdn.oto.com/large/gallery/exterior/28/1635/mitsubishi-xpander-front-angle-low-view-495104.jpg
Mitsubishi,Xpander Exceed M/T,266700000,"7 Kursi, 1499 cc, 104 hp, Bensin",7 Kursi,1499 cc,Bensin,https://imgcdn.oto.com/large/gallery/exterior/28/1635/mitsubishi-xpander-front-angle-low-view-495104.jpg
Mitsubishi,Xpander Exceed CVT,275900000,"7 Kursi, 1499 cc, 104 hp, Bensin",7 Kursi,1499 cc,Bensin,https://imgcdn.oto.com/large/gallery/exterior/28/1635/mitsubishi-xpander-front-angle-low-view-495104.jpg
Mitsubishi,Xpander Sport M/T,290050000,"7 Kursi, 1499 cc, 104 hp, Bensin",7 Kursi,1499 cc,Bensin,https://imgcdn.oto.com/large/gallery/exterior/28/1635/mitsubishi-xpander-front-angle-low-view-495104.jpg
Mitsubishi,Xpander Sport CVT,304700000,"7 Kursi, 1499 cc, 104 hp, Bensin",7 Kursi,1499 cc,Bensin,https://imgcdn.oto.com/large/gallery/exterior/28/1635/mitsubishi-xpander-front-angle-low-view-495104.jpg
Mitsubishi,Xpander Ultimate CVT,307100000,"7 Kursi, 1499 cc, 104 hp, Bensin",7 Kursi,1499 cc,Bensin,https://imgcdn.oto.com/large/gallery/exterior/28/1635/mitsubishi-xpander-front-angle-low-view-495104.jpg
Mitsubishi,Pajero Sport Exceed MT 4x2,529600000,"7 Kursi, 2477 cc, 134 hp, Diesel",7 Kursi,2477 cc,Diesel,https://imgcdn.oto.com/large/gallery/exterior/28/2364/mitsubishi-pajero-sport-2021-front-angle-low-view-102138.jpg
Mitsubishi,Pajero Sport Exceed AT 4x2,544800000,"7 Kursi, 2477 cc, 134 hp, Diesel",7 Kursi,2477 cc,Diesel,https://imgcdn.oto.com/large/gallery/exterior/28/2364/mitsubishi-pajero-sport-2021-front-angle-low-view-102138.jpg
Mitsubishi,Pajero Sport GLX MT 4x4,554900000,"7 Kursi, 2477 cc, 134 hp, Diesel",7 Kursi,2477 cc,Diesel,https://imgcdn.oto.com/large/gallery/exterior/28/2364/mitsubishi-pajero-sport-2021-front-angle-low-view-102138.jpg
Mitsubishi,Pajero Sport Dakar AT 4x2,603200000,"7 Kursi, 2442 cc, 179 hp, Diesel",7 Kursi,2442 cc,Diesel,https://imgcdn.oto.com/large/gallery/exterior/28/2364/mitsubishi-pajero-sport-2021-front-angle-low-view-102138.jpg
Mitsubishi,Pajero Sport Dakar Ultimate AT 4x2,652800000,"7 Kursi, 2442 cc, 179 hp, Diesel",7 Kursi,2442 cc,Diesel,https://imgcdn.oto.com/large/gallery/exterior/28/2364/mitsubishi-pajero-sport-2021-front-angle-low-view-102138.jpg
Mitsubishi,Pajero Sport Dakar Ultimate AT 4x4,712500000,"7 Kursi, 2442 cc, 179 hp, Diesel",7 Kursi,2442 cc,Diesel,https://imgcdn.oto.com/large/gallery/exterior/28/2364/mitsubishi-pajero-sport-2021-front-angle-low-view-102138.jpg
Mitsubishi,L300 Cab & Chasiss,209650000,"2477 cc, 86 hp, Manual, Diesel",2477 cc,86 hp,Diesel,https://imgcdn.oto.com/large/gallery/exterior/28/2188/mitsubishi-triton-front-angle-low-view-220823.jpg
Mitsubishi,L300 Pickup Standard,214150000,"3 Kursi, 2477 cc, 86 hp, Diesel",3 Kursi,2477 cc,Diesel,https://imgcdn.oto.com/large/gallery/exterior/28/386/mitsubishi-l300-front-angle-low-view-945335.jpg
Mitsubishi,L300 Pickup Flatbed,214650000,"3 Kursi, 2477 cc, 86 hp, Diesel",3 Kursi,2477 cc,Diesel,https://imgcdn.oto.com/large/gallery/exterior/28/386/mitsubishi-l300-front-angle-low-view-945335.jpg
Mitsubishi,Triton GLX MT Single Cab 2WD,276550000,"2 Kursi, 2442 cc, 134 hp, Diesel",2 Kursi,2442 cc,Diesel,https://imgcdn.oto.com/large/gallery/exterior/28/386/mitsubishi-l300-front-angle-low-view-945335.jpg
Mitsubishi,Triton HDX MT Single Cab 4WD,363350000,"2 Kursi, 2477 cc, 109 hp, Diesel",2 Kursi,2477 cc,Diesel,https://imgcdn.oto.com/large/gallery/exterior/28/386/mitsubishi-l300-front-angle-low-view-945335.jpg
Mitsubishi,Triton HDX MT Double Cab 4WD,407450000,"5 Kursi, 2477 cc, 109 hp, Diesel",5 Kursi,2477 cc,Diesel,https://imgcdn.oto.com/large/gallery/exterior/28/386/mitsubishi-l300-front-angle-low-view-945335.jpg
Mitsubishi,Triton GLS MT Double Cab 4WD,428500000,"5 Kursi, 2442 cc, 134 hp, Diesel",5 Kursi,2442 cc,Diesel,https://imgcdn.oto.com/large/gallery/exterior/28/386/mitsubishi-l300-front-angle-low-view-945335.jpg
Mitsubishi,Triton Exceed MT Double Cab 4WD,463750000,"5 Kursi, 2442 cc, 178 hp, Diesel",5 Kursi,2442 cc,Diesel,https://imgcdn.oto.com/large/gallery/exterior/28/386/mitsubishi-l300-front-angle-low-view-945335.jpg
Mitsubishi,Triton Ultimate AT Double Cab 4WD,496800000,"5 Kursi, 2442 cc, 178 hp, Diesel",5 Kursi,2442 cc,Diesel,https://imgcdn.oto.com/large/gallery/exterior/28/386/mitsubishi-l300-front-angle-low-view-945335.jpg
Mitsubishi,Xpander Cross MT,300950000,"7 Kursi, 1499 cc, 104 hp, Bensin",7 Kursi,1499 cc,Bensin,https://imgcdn.oto.com/large/gallery/exterior/28/2252/mitsubishi-xpander-cross-front-angle-low-view-333182.jpg
Mitsubishi,Xpander Cross CVT,315600000,"7 Kursi, 1499 cc, 104 hp, Bensin",7 Kursi,1499 cc,Bensin,https://imgcdn.oto.com/large/gallery/exterior/28/2252/mitsubishi-xpander-cross-front-angle-low-view-333182.jpg
Mitsubishi,Xpander Cross Premium Packag CVT,326750000,"7 Kursi, 1499 cc, 104 hp, Bensin",7 Kursi,1499 cc,Bensin,https://imgcdn.oto.com/large/gallery/exterior/28/2252/mitsubishi-xpander-cross-front-angle-low-view-333182.jpg
Mitsubishi,Colt T120SS,0,"2 Kursi, 1468 cc, 85 hp, Bensin",2 Kursi,1468 cc,Bensin,https://imgcdn.oto.com/large/gallery/exterior/28/667/mitsubishi-colt-38394.jpg
Daihatsu,Ayla 1.0L D MT,108200000,"5 Kursi, 998 cc, 64 hp, Bensin",5 Kursi,998 cc,Bensin,https://imgcdn.oto.com/large/gallery/exterior/7/1731/daihatsu-ayla-front-angle-low-view-169248.jpg
Daihatsu,Ayla 1.0L D Plus MT,120600000,"5 Kursi, 998 cc, 64 hp, Bensin",5 Kursi,998 cc,Bensin,https://imgcdn.oto.com/large/gallery/exterior/7/1731/daihatsu-ayla-front-angle-low-view-169248.jpg
Daihatsu,Ayla 1.0L X MT,131600000,"5 Kursi, 998 cc, 64 hp, Bensin",5 Kursi,998 cc,Bensin,https://imgcdn.oto.com/large/gallery/exterior/7/1731/daihatsu-ayla-front-angle-low-view-169248.jpg
Daihatsu,Ayla 1.0L X MT DLX,138950000,"5 Kursi, 998 cc, 64 hp, Bensin",5 Kursi,998 cc,Bensin,https://imgcdn.oto.com/large/gallery/exterior/7/1731/daihatsu-ayla-front-angle-low-view-169248.jpg
Daihatsu,Ayla 1.0L X AT,140750000,"5 Kursi, 998 cc, 64 hp, Bensin",5 Kursi,998 cc,Bensin,https://imgcdn.oto.com/large/gallery/exterior/7/1731/daihatsu-ayla-front-angle-low-view-169248.jpg
Daihatsu,Ayla 1.2L X MT,143200000,"5 Kursi, 1197 cc, 87 hp, Bensin",5 Kursi,1197 cc,Bensin,https://imgcdn.oto.com/large/gallery/exterior/7/1731/daihatsu-ayla-front-angle-low-view-169248.jpg
Daihatsu,Ayla 1.0L X AT DLX,148200000,"5 Kursi, 998 cc, 64 hp, Bensin",5 Kursi,998 cc,Bensin,https://imgcdn.oto.com/large/gallery/exterior/7/1731/daihatsu-ayla-front-angle-low-view-169248.jpg
Daihatsu,Ayla 1.2L R MT,150250000,"5 Kursi, 1197 cc, 87 hp, Bensin",5 Kursi,1197 cc,Bensin,https://imgcdn.oto.com/large/gallery/exterior/7/1731/daihatsu-ayla-front-angle-low-view-169248.jpg
Daihatsu,Ayla 1.2L X AT,153300000,"5 Kursi, 1197 cc, 87 hp, Bensin",5 Kursi,1197 cc,Bensin,https://imgcdn.oto.com/large/gallery/exterior/7/1731/daihatsu-ayla-front-angle-low-view-169248.jpg
Daihatsu,Ayla 1.2L R MT DLX,154250000,"5 Kursi, 1197 cc, 87 hp, Bensin",5 Kursi,1197 cc,Bensin,https://imgcdn.oto.com/large/gallery/exterior/7/1731/daihatsu-ayla-front-angle-low-view-169248.jpg
Daihatsu,Ayla 1.2L R AT,162950000,"5 Kursi, 1197 cc, 87 hp, Bensin",5 Kursi,1197 cc,Bensin,https://imgcdn.oto.com/large/gallery/exterior/7/1731/daihatsu-ayla-front-angle-low-view-169248.jpg
Daihatsu,Ayla 1.2L R AT DLX,166950000,"5 Kursi, 1197 cc, 87 hp, Bensin",5 Kursi,1197 cc,Bensin,https://imgcdn.oto.com/large/gallery/exterior/7/1731/daihatsu-ayla-front-angle-low-view-169248.jpg
Daihatsu,Xenia 1.3 M MT,216900000,"7 Kursi, 1329 cc, 97 hp, Bensin",7 Kursi,1329 cc,Bensin,https://imgcdn.oto.com/large/gallery/exterior/7/2437/daihatsu-xenia-2022-front-angle-low-view-954960.jpg
Daihatsu,Xenia 1.3 X MT,220100000,"7 Kursi, 1329 cc, 97 hp, Bensin",7 Kursi,1329 cc,Bensin,https://imgcdn.oto.com/large/gallery/exterior/7/2437/daihatsu-xenia-2022-front-angle-low-view-954960.jpg
Daihatsu,Xenia 1.3 R MT,231100000,"7 Kursi, 1329 cc, 97 hp, Bensin",7 Kursi,1329 cc,Bensin,https://imgcdn.oto.com/large/gallery/exterior/7/2437/daihatsu-xenia-2022-front-angle-low-view-954960.jpg
Daihatsu,Xenia 1.3 X CVT,237500000,"7 Kursi, 1329 cc, 97 hp, Bensin",7 Kursi,1329 cc,Bensin,https://imgcdn.oto.com/large/gallery/exterior/7/2437/daihatsu-xenia-2022-front-angle-low-view-954960.jpg
Daihatsu,Xenia 1.5 R MT,248300000,"7 Kursi, 1498 cc, 105 hp, Bensin",7 Kursi,1498 cc,Bensin,https://imgcdn.oto.com/large/gallery/exterior/7/2437/daihatsu-xenia-2022-front-angle-low-view-954960.jpg
Daihatsu,Xenia 1.3 R CVT,248600000,"7 Kursi, 1329 cc, 97 hp, Bensin",7 Kursi,1329 cc,Bensin,https://imgcdn.oto.com/large/gallery/exterior/7/2437/daihatsu-xenia-2022-front-angle-low-view-954960.jpg
Daihatsu,Xenia 1.5 R CVT,262700000,"7 Kursi, 1498 cc, 105 hp, Bensin",7 Kursi,1498 cc,Bensin,https://imgcdn.oto.com/large/gallery/exterior/7/2437/daihatsu-xenia-2022-front-angle-low-view-954960.jpg
Daihatsu,Xenia 1.5 R CVT ASA,272600000,"7 Kursi, 1498 cc, 105 hp, Bensin",7 Kursi,1498 cc,Bensin,https://imgcdn.oto.com/large/gallery/exterior/7/2437/daihatsu-xenia-2022-front-angle-low-view-954960.jpg
Daihatsu,Sigra 1.0 D MT,126050000,"7 Kursi, 998 cc, 66 hp, Bensin",7 Kursi,998 cc,Bensin,https://imgcdn.oto.com/large/gallery/exterior/7/2234/daihatsu-sigra-front-angle-low-view-834601.jpg
Daihatsu,Sigra 1.0 M MT,136550000,"7 Kursi, 998 cc, 66 hp, Bensin",7 Kursi,998 cc,Bensin,https://imgcdn.oto.com/large/gallery/exterior/7/2234/daihatsu-sigra-front-angle-low-view-834601.jpg
Daihatsu,Sigra 1.2 X MT,146100000,"7 Kursi, 1197 cc, 87 hp, Bensin",7 Kursi,1197 cc,Bensin,https://imgcdn.oto.com/large/gallery/exterior/7/2234/daihatsu-sigra-front-angle-low-view-834601.jpg
Daihatsu,Sigra 1.2 X DLX MT,151700000,"7 Kursi, 1197 cc, 87 hp, Bensin",7 Kursi,1197 cc,Bensin,https://imgcdn.oto.com/large/gallery/exterior/7/2234/daihatsu-sigra-front-angle-low-view-834601.jpg
Daihatsu,Sigra 1.2 R MT,152700000,"7 Kursi, 1197 cc, 87 hp, Bensin",7 Kursi,1197 cc,Bensin,https://imgcdn.oto.com/large/gallery/exterior/7/2234/daihatsu-sigra-front-angle-low-view-834601.jpg
Daihatsu,Sigra 1.2 R DLX MT,156500000,"7 Kursi, 1197 cc, 87 hp, Bensin",7 Kursi,1197 cc,Bensin,https://imgcdn.oto.com/large/gallery/exterior/7/2234/daihatsu-sigra-front-angle-low-view-834601.jpg
Daihatsu,Sigra 1.2 X AT,159200000,"7 Kursi, 1197 cc, 87 hp, Bensin",7 Kursi,1197 cc,Bensin,https://imgcdn.oto.com/large/gallery/exterior/7/2234/daihatsu-sigra-front-angle-low-view-834601.jpg
Daihatsu,Sigra 1.2 X DLX AT,164700000,"7 Kursi, 1197 cc, 87 hp, Bensin",7 Kursi,1197 cc,Bensin,https://imgcdn.oto.com/large/gallery/exterior/7/2234/daihatsu-sigra-front-angle-low-view-834601.jpg
Daihatsu,Sigra 1.2 R AT,167200000,"7 Kursi, 1197 cc, 87 hp, Bensin",7 Kursi,1197 cc,Bensin,https://imgcdn.oto.com/large/gallery/exterior/7/2234/daihatsu-sigra-front-angle-low-view-834601.jpg
Daihatsu,Sigra 1.2 R DLX AT,171000000,"7 Kursi, 1197 cc, 87 hp, Bensin",7 Kursi,1197 cc,Bensin,https://imgcdn.oto.com/large/gallery/exterior/7/2234/daihatsu-sigra-front-angle-low-view-834601.jpg
Daihatsu,Terios X M/T,232300000,"7 Kursi, 1496 cc, 103 hp, Bensin",7 Kursi,1496 cc,Bensin,https://imgcdn.oto.com/large/gallery/exterior/7/1669/daihatsu-terios-front-angle-low-view-266969.jpg
Daihatsu,Terios X M/T Deluxe,242400000,"7 Kursi, 1496 cc, 103 hp, Bensin",7 Kursi,1496 cc,Bensin,https://imgcdn.oto.com/large/gallery/exterior/7/1669/daihatsu-terios-front-angle-low-view-266969.jpg
Daihatsu,Terios X A/T Deluxe,252800000,"7 Kursi, 1496 cc, 103 hp, Bensin",7 Kursi,1496 cc,Bensin,https://imgcdn.oto.com/large/gallery/exterior/7/1669/daihatsu-terios-front-angle-low-view-266969.jpg
Daihatsu,Terios R M/T,264800000,"7 Kursi, 1496 cc, 103 hp, Bensin",7 Kursi,1496 cc,Bensin,https://imgcdn.oto.com/large/gallery/exterior/7/1669/daihatsu-terios-front-angle-low-view-266969.jpg
Daihatsu,Terios R M/T Deluxe,274900000,"7 Kursi, 1496 cc, 103 hp, Bensin",7 Kursi,1496 cc,Bensin,https://imgcdn.oto.com/large/gallery/exterior/7/1669/daihatsu-terios-front-angle-low-view-266969.jpg
Daihatsu,Terios R A/T,275300000,"7 Kursi, 1496 cc, 103 hp, Bensin",7 Kursi,1496 cc,Bensin,https://imgcdn.oto.com/large/gallery/exterior/7/1669/daihatsu-terios-front-angle-low-view-266969.jpg
Daihatsu,Terios R MT Custom,276900000,"7 Kursi, 1496 cc, 103 hp, Bensin",7 Kursi,1496 cc,Bensin,https://imgcdn.oto.com/large/gallery/exterior/7/1669/daihatsu-terios-front-angle-low-view-266969.jpg
Daihatsu,Terios R A/T Deluxe,285400000,"7 Kursi, 1496 cc, 103 hp, Bensin",7 Kursi,1496 cc,Bensin,https://imgcdn.oto.com/large/gallery/exterior/7/1669/daihatsu-terios-front-angle-low-view-266969.jpg
Daihatsu,Terios R AT Custom,287400000,"7 Kursi, 1496 cc, 103 hp, Bensin",7 Kursi,1496 cc,Bensin,https://imgcdn.oto.com/large/gallery/exterior/7/1669/daihatsu-terios-front-angle-low-view-266969.jpg
Daihatsu,Rocky 1.2 M MT,204200000,"5 Kursi, 1200 cc, 87 hp, Bensin",5 Kursi,1200 cc,Bensin,https://imgcdn.oto.com/large/gallery/exterior/7/2366/daihatsu-rocky-front-angle-low-view-428870.jpg
Daihatsu,Rocky 1.2 X MT,218300000,"5 Kursi, 1200 cc, 87 hp, Bensin",5 Kursi,1200 cc,Bensin,https://imgcdn.oto.com/large/gallery/exterior/7/2366/daihatsu-rocky-front-angle-low-view-428870.jpg
Daihatsu,Rocky 1.2 M CVT,222100000,"5 Kursi, 1200 cc, 87 hp, Bensin",5 Kursi,1200 cc,Bensin,https://imgcdn.oto.com/large/gallery/exterior/7/2366/daihatsu-rocky-front-angle-low-view-428870.jpg
Daihatsu,Rocky 1.2 X MT ADS,226400000,"5 Kursi, 1200 cc, 87 hp, Bensin",5 Kursi,1200 cc,Bensin,https://imgcdn.oto.com/large/gallery/exterior/7/2366/daihatsu-rocky-front-angle-low-view-428870.jpg
Daihatsu,Rocky 1.2 X CVT,236200000,"5 Kursi, 1200 cc, 87 hp, Bensin",5 Kursi,1200 cc,Bensin,https://imgcdn.oto.com/large/gallery/exterior/7/2366/daihatsu-rocky-front-angle-low-view-428870.jpg
Daihatsu,Rocky 1.0 R MT,244200000,"5 Kursi, 998 cc, 97 hp, Bensin",5 Kursi,998 cc,Bensin,https://imgcdn.oto.com/large/gallery/exterior/7/2366/daihatsu-rocky-front-angle-low-view-428870.jpg
Daihatsu,Rocky 1.2 X CVT ADS,244300000,"5 Kursi, 1200 cc, 87 hp, Bensin",5 Kursi,1200 cc,Bensin,https://imgcdn.oto.com/large/gallery/exterior/7/2366/daihatsu-rocky-front-angle-low-view-428870.jpg
Daihatsu,Rocky 1.0 R ADS MT,252300000,"5 Kursi, 998 cc, 97 hp, Bensin",5 Kursi,998 cc,Bensin,https://imgcdn.oto.com/large/gallery/exterior/7/2366/daihatsu-rocky-front-angle-low-view-428870.jpg
Daihatsu,Rocky 1.0 R CVT,259200000,"5 Kursi, 998 cc, 97 hp, Bensin",5 Kursi,998 cc,Bensin,https://imgcdn.oto.com/large/gallery/exterior/7/2366/daihatsu-rocky-front-angle-low-view-428870.jpg
Daihatsu,Rocky 1.0 R ADS CVT,267300000,"5 Kursi, 998 cc, 97 hp, Bensin",5 Kursi,998 cc,Bensin,https://imgcdn.oto.com/large/gallery/exterior/7/2366/daihatsu-rocky-front-angle-low-view-428870.jpg
Daihatsu,Rocky 1.0 R ASA CVT,269100000,"5 Kursi, 998 cc, 97 hp, Bensin",5 Kursi,998 cc,Bensin,https://imgcdn.oto.com/large/gallery/exterior/7/2366/daihatsu-rocky-front-angle-low-view-428870.jpg
Daihatsu,Gran Max PU 1.3 STD,149500000,"3 Kursi, 1298 cc, 87 hp, Bensin",3 Kursi,1298 cc,Bensin,https://imgcdn.oto.com/large/gallery/exterior/7/69/daihatsu-gran-max-pu-front-angle-low-view-240822.jpg
Daihatsu,Gran Max PU 1.3 3W,149500000,"3 Kursi, 1298 cc, 87 hp, Bensin",3 Kursi,1298 cc,Bensin,https://imgcdn.oto.com/large/gallery/exterior/7/69/daihatsu-gran-max-pu-front-angle-low-view-240822.jpg
Daihatsu,Gran Max PU 1.5 STD,154200000,"3 Kursi, 1495 cc, 96 hp, Bensin",3 Kursi,1495 cc,Bensin,https://imgcdn.oto.com/large/gallery/exterior/7/69/daihatsu-gran-max-pu-front-angle-low-view-240822.jpg
Daihatsu,Gran Max PU 1.5 3W,154200000,"3 Kursi, 1495 cc, 96 hp, Bensin",3 Kursi,1495 cc,Bensin,https://imgcdn.oto.com/large/gallery/exterior/7/69/daihatsu-gran-max-pu-front-angle-low-view-240822.jpg
Daihatsu,Gran Max PU 1.5 STD AC&PS,161300000,"3 Kursi, 1495 cc, 96 hp, Bensin",3 Kursi,1495 cc,Bensin,https://imgcdn.oto.com/large/gallery/exterior/7/69/daihatsu-gran-max-pu-front-angle-low-view-240822.jpg
Daihatsu,Gran Max PU BOX 1.3 SLIDING,172000000,"3 Kursi, 1298 cc, 87 hp, Bensin",3 Kursi,1298 cc,Bensin,https://imgcdn.oto.com/large/gallery/exterior/7/69/daihatsu-gran-max-pu-front-angle-low-view-240822.jpg
Daihatsu,Gran Max PU BOX 1.5 SLIDING,176700000,"3 Kursi, 1495 cc, 96 hp, Bensin",3 Kursi,1495 cc,Bensin,https://imgcdn.oto.com/large/gallery/exterior/7/69/daihatsu-gran-max-pu-front-angle-low-view-240822.jpg
Daihatsu,Sirion 1.3L MT,209200000,"5 Kursi, 1329 cc, 94 hp, Bensin",5 Kursi,1329 cc,Bensin,https://imgcdn.oto.com/large/gallery/exterior/7/1898/daihatsu-sirion-front-angle-low-view-193154.jpg
Daihatsu,Sirion 1.3L AT,224700000,"5 Kursi, 1329 cc, 94 hp, Bensin",5 Kursi,1329 cc,Bensin,https://imgcdn.oto.com/large/gallery/exterior/7/1898/daihatsu-sirion-front-angle-low-view-193154.jpg
Daihatsu,Gran Max MB 1.3 D FH,192200000,"9 Kursi, 1298 cc, 87 hp, Bensin",9 Kursi,1298 cc,Bensin,https://imgcdn.oto.com/large/gallery/exterior/7/64/daihatsu-gran-max-mb-front-angle-low-view-969256.jpg
Daihatsu,Gran Max MB 1.3 D FF FH,199000000,"8 Kursi, 1298 cc, 87 hp, Bensin",8 Kursi,1298 cc,Bensin,https://imgcdn.oto.com/large/gallery/exterior/7/64/daihatsu-gran-max-mb-front-angle-low-view-969256.jpg
Daihatsu,Gran Max MB 1.5 D PS FH,209300000,"9 Kursi, 1495 cc, 96 hp, Bensin",9 Kursi,1495 cc,Bensin,https://imgcdn.oto.com/large/gallery/exterior/7/64/daihatsu-gran-max-mb-front-angle-low-view-969256.jpg
Daihatsu,Luxio 1.5 D M/T,225700000,"8 Kursi, 1495 cc, 96 hp, Bensin",8 Kursi,1495 cc,Bensin,https://imgcdn.oto.com/large/gallery/exterior/7/65/daihatsu-luxio-front-angle-low-view-922244.jpg
Daihatsu,Luxio 1.5 X M/T,244900000,"8 Kursi, 1495 cc, 96 hp, Bensin",8 Kursi,1495 cc,Bensin,https://imgcdn.oto.com/large/gallery/exterior/7/65/daihatsu-luxio-front-angle-low-view-922244.jpg
Daihatsu,Luxio 1.5 X A/T,257000000,"8 Kursi, 1495 cc, 96 hp, Bensin",8 Kursi,1495 cc,Bensin,https://imgcdn.oto.com/large/gallery/exterior/7/65/daihatsu-luxio-front-angle-low-view-922244.jpg
Wuling,Formo 1.2 BV,137200000,"2 Kursi, 1206 cc, 76 hp, Bensin",2 Kursi,1206 cc,Bensin,https://imgcdn.oto.com/large/gallery/exterior/110/2029/wuling-formo-front-angle-low-view-395340.jpg
Wuling,Formo 1.2 Standard 5-Seat,147800000,"5 Kursi, 1206 cc, 76 hp, Bensin",5 Kursi,1206 cc,Bensin,https://imgcdn.oto.com/large/gallery/exterior/110/2029/wuling-formo-front-angle-low-view-395340.jpg
Wuling,Formo 1.2 Standard 8-Seat,152600000,"8 Kursi, 1206 cc, 76 hp, Bensin",8 Kursi,1206 cc,Bensin,https://imgcdn.oto.com/large/gallery/exterior/110/2029/wuling-formo-front-angle-low-view-395340.jpg
Wuling,Almaz RS 1.5L EX 5 Seater,369100000,"5 Kursi, 1451 cc, 140 hp, Bensin",5 Kursi,1451 cc,Bensin,https://imgcdn.oto.com/large/gallery/exterior/110/2368/wuling-almaz-rs-front-angle-low-view-147067.jpg
Wuling,Almaz RS 1.5L EX 7 Seater,381100000,"7 Kursi, 1451 cc, 140 hp, Bensin",7 Kursi,1451 cc,Bensin,https://imgcdn.oto.com/large/gallery/exterior/110/2368/wuling-almaz-rs-front-angle-low-view-147067.jpg
Wuling,Almaz RS 1.5L Pro,401200000,"7 Kursi, 1451 cc, 140 hp, Bensin",7 Kursi,1451 cc,Bensin,https://imgcdn.oto.com/large/gallery/exterior/110/2368/wuling-almaz-rs-front-angle-low-view-147067.jpg
Wuling,Confero S 1.5 C,180700000,"7 Kursi, 1485 cc, 97 hp, Bensin",7 Kursi,1485 cc,Bensin,https://imgcdn.oto.com/large/gallery/exterior/110/2380/wuling-confero-s-front-angle-low-view-988350.jpg
Wuling,Confero S 1.5 L,195850000,"7 Kursi, 1485 cc, 97 hp, Bensin",7 Kursi,1485 cc,Bensin,https://imgcdn.oto.com/large/gallery/exterior/110/2380/wuling-confero-s-front-angle-low-view-988350.jpg
Wuling,Confero S 1.5 ACT,205300000,"7 Kursi, 1485 cc, 97 hp, Bensin",7 Kursi,1485 cc,Bensin,https://imgcdn.oto.com/large/gallery/exterior/110/2380/wuling-confero-s-front-angle-low-view-988350.jpg
Wuling,Cortez S 1.5T MT Lux,244500000,"7 Kursi, 1451 cc, 140 hp, Bensin",7 Kursi,1451 cc,Bensin,https://imgcdn.oto.com/large/gallery/exterior/110/2589/wuling-cortez-s-front-angle-low-view-353442.jpg
Wuling,Cortez S 1.5T CVT Lux,270200000,"7 Kursi, 1451 cc, 140 hp, Bensin",7 Kursi,1451 cc,Bensin,https://imgcdn.oto.com/large/gallery/exterior/110/2589/wuling-cortez-s-front-angle-low-view-353442.jpg
Wuling,Confero 1.5 MT Double Blower,162300000,"8 Kursi, 1485 cc, 107 hp, Bensin",8 Kursi,1485 cc,Bensin,https://imgcdn.oto.com/large/gallery/exterior/110/1644/wuling-confero-front-angle-low-view-960564.jpg
Wuling,Almaz Smart Enjoy MT,278500000,"7 Kursi, 1451 cc, 140 hp, Bensin",7 Kursi,1451 cc,Bensin,https://imgcdn.oto.com/large/gallery/exterior/110/2368/wuling-almaz-rs-front-angle-low-view-147067.jpg
Wuling,Almaz Smart Enjoy CVT,296050000,"7 Kursi, 1451 cc, 140 hp, Bensin",7 Kursi,1451 cc,Bensin,https://imgcdn.oto.com/large/gallery/exterior/110/2368/wuling-almaz-rs-front-angle-low-view-147067.jpg
Wuling,Almaz Exclusive 5-Seater,342100000,"5 Kursi, 1451 cc, 140 hp, Bensin",5 Kursi,1451 cc,Bensin,https://imgcdn.oto.com/large/gallery/exterior/110/2368/wuling-almaz-rs-front-angle-low-view-147067.jpg
Wuling,Almaz Exclusive 7-Seater,352800000,"7 Kursi, 1451 cc, 140 hp, Bensin",7 Kursi,1451 cc,Bensin,https://imgcdn.oto.com/large/gallery/exterior/110/2368/wuling-almaz-rs-front-angle-low-view-147067.jpg
Wuling,Cortez CE 1.5T Lux,273800000,"7 Kursi, 1451 cc, 140 hp, Bensin",7 Kursi,1451 cc,Bensin,https://imgcdn.oto.com/large/gallery/exterior/110/2589/wuling-cortez-s-front-angle-low-view-353442.jpg
Wuling,Cortez EX 1.5T Lux,310650000,"7 Kursi, 1451 cc, 140 hp, Bensin",7 Kursi,1451 cc,Bensin,https://imgcdn.oto.com/large/gallery/exterior/110/2589/wuling-cortez-s-front-angle-low-view-353442.jpg
Nissan,Livina  EL MT,253900000,"7 Kursi, 1499 cc, 103 hp, Bensin",7 Kursi,1499 cc,Bensin,https://imgcdn.oto.com/large/gallery/exterior/29/2051/nissan-livina-front-angle-low-view-702441.jpg
Nissan,Livina  VE AT,282600000,"7 Kursi, 1499 cc, 103 hp, Bensin",7 Kursi,1499 cc,Bensin,https://imgcdn.oto.com/large/gallery/exterior/29/2051/nissan-livina-front-angle-low-view-702441.jpg
Nissan,Livina  VL AT,295500000,"7 Kursi, 1499 cc, 103 hp, Bensin",7 Kursi,1499 cc,Bensin,https://imgcdn.oto.com/large/gallery/exterior/29/2051/nissan-livina-front-angle-low-view-702441.jpg
Nissan,Magnite Upper MT,250650000,"5 Kursi, 999 cc, 99 hp, Bensin",5 Kursi,999 cc,Bensin,https://imgcdn.oto.com/large/gallery/exterior/29/2362/nissan-magnite-front-angle-low-view-300759.jpg
Nissan,Magnite Premium MT,266000000,"5 Kursi, 999 cc, 99 hp, Bensin",5 Kursi,999 cc,Bensin,https://imgcdn.oto.com/large/gallery/exterior/29/2362/nissan-magnite-front-angle-low-view-300759.jpg
Nissan,Magnite Upper CVT,266250000,"5 Kursi, 999 cc, 99 hp, Bensin",5 Kursi,999 cc,Bensin,https://imgcdn.oto.com/large/gallery/exterior/29/2362/nissan-magnite-front-angle-low-view-300759.jpg
Nissan,Magnite Premium CVT,278600000,"5 Kursi, 999 cc, 99 hp, Bensin",5 Kursi,999 cc,Bensin,https://imgcdn.oto.com/large/gallery/exterior/29/2362/nissan-magnite-front-angle-low-view-300759.jpg
Nissan,Leaf One Tone EV,728000000,"5 Kursi, 148 hp, Otomatis, Listrik",5 Kursi,148 hp,Listrik,https://imgcdn.oto.com/large/gallery/exterior/29/2054/nissan-serena-front-angle-low-view-813433.jpg
Nissan,Leaf Two Tone EV,730000000,"5 Kursi, 148 hp, Otomatis, Listrik",5 Kursi,148 hp,Listrik,https://imgcdn.oto.com/large/gallery/exterior/29/2054/nissan-serena-front-angle-low-view-813433.jpg
Nissan,Kicks e-Power 1.2L,482800000,"5 Kursi, 1198 cc, 81 hp, Bensin",5 Kursi,1198 cc,Bensin,https://imgcdn.oto.com/large/gallery/exterior/29/2308/nissan-kicks-e-power-front-angle-low-view-252212.jpg
Nissan,Serena Highway Star,524300000,"7 Kursi, 1997 cc, 148 hp, Bensin",7 Kursi,1997 cc,Bensin,https://imgcdn.oto.com/large/gallery/exterior/29/2054/nissan-serena-front-angle-low-view-813433.jpg
Nissan,X Trail VL,576000000,"7 Kursi, 2488 cc, 169 hp, Bensin",7 Kursi,2488 cc,Bensin,https://imgcdn.oto.com/large/gallery/exterior/29/2194/nissan-x-trail-front-angle-low-view-844522.jpg
BMW,M5 M5 Competition,545000000,"5 Kursi, 4395 cc, 625 hp, Bensin",5 Kursi,4395 cc,Bensin,https://imgcdn.oto.com/large/gallery/exterior/3/44/bmw-m5-front-angle-low-view-327404.jpg
BMW,4 Series Coupe 430i M Sport Pro,156000000,"4 Kursi, 1998 cc, 258 hp, Bensin",4 Kursi,1998 cc,Bensin,https://imgcdn.oto.com/large/gallery/exterior/3/28/bmw-4-series-coupe-front-angle-low-view-173135.jpg
BMW,X6 xDrive40i M Sport,223000000,"5 Kursi, 2998 cc, 340 hp, Bensin",5 Kursi,2998 cc,Bensin,https://imgcdn.oto.com/large/gallery/exterior/3/40/bmw-x6-front-angle-low-view-235118.jpg
BMW,X5 M M Competition,602000000,"5 Kursi, 4395 cc, 625 hp, Bensin",5 Kursi,4395 cc,Bensin,https://imgcdn.oto.com/large/gallery/exterior/3/48/bmw-x5-m-front-angle-low-view-368575.jpg
BMW,4 Series Convertible 430i M Sport,1700000000,"4 Kursi, 1998 cc, 258 hp, Bensin",4 Kursi,1998 cc,Bensin,https://imgcdn.oto.com/large/gallery/exterior/3/30/bmw-4-series-convertible-top-view-928436.jpg
BMW,M3 Sedan M3 Competition,237000000,"4 Kursi, 2993 cc, 510 hp, Bensin",4 Kursi,2993 cc,Bensin,https://imgcdn.oto.com/large/gallery/exterior/3/42/bmw-m3-sedan-front-angle-low-view-563796.jpg
BMW,7 Series Sedan 730Li M Sport,217000000,"5 Kursi, 1998 cc, 265 hp, Bensin",5 Kursi,1998 cc,Bensin,https://imgcdn.oto.com/large/gallery/exterior/3/35/bmw-7-series-sedan-front-angle-low-view-927239.jpg
BMW,7 Series Sedan 740Li Opulence,259000000,"5 Kursi, 2998 cc, 340 hp, Bensin",5 Kursi,2998 cc,Bensin,https://imgcdn.oto.com/large/gallery/exterior/3/35/bmw-7-series-sedan-front-angle-low-view-927239.jpg
BMW,X3 sDrive20i xLine,1200000000,"5 Kursi, 1998 cc, 181 hp, Bensin",5 Kursi,1998 cc,Bensin,https://imgcdn.oto.com/large/gallery/exterior/3/1978/bmw-x3-front-angle-low-view-898963.jpg
BMW,X3 xDrive30i M Sport,134000000,"5 Kursi, 1998 cc, 249 hp, Bensin",5 Kursi,1998 cc,Bensin,https://imgcdn.oto.com/large/gallery/exterior/3/1978/bmw-x3-front-angle-low-view-898963.jpg
BMW,X7 xDrive40i Opulence,262000000,"7 Kursi, 2998 cc, 340 hp, Bensin",7 Kursi,2998 cc,Bensin,https://imgcdn.oto.com/large/gallery/exterior/3/2175/bmw-x7-front-angle-low-view-939808.jpg
BMW,5 Series Sedan 520i M Sport,122000000,"5 Kursi, 1998 cc, 184 hp, Bensin",5 Kursi,1998 cc,Bensin,https://imgcdn.oto.com/large/gallery/exterior/3/1737/bmw-5-series-sedan-front-angle-low-view-203761.jpg
BMW,5 Series Sedan 530i Opulence,146000000,"5 Kursi, 1998 cc, 252 hp, Bensin",5 Kursi,1998 cc,Bensin,https://imgcdn.oto.com/large/gallery/exterior/3/1737/bmw-5-series-sedan-front-angle-low-view-203761.jpg
BMW,8 Series Coupe 840i Coupe M Technic,287000000,"4 Kursi, 2998 cc, 340 hp, Bensin",4 Kursi,2998 cc,Bensin,https://imgcdn.oto.com/large/gallery/exterior/3/2168/bmw-8-series-coupe-front-angle-low-view-629975.jpg
BMW,8 Series Gran Coupe 840i M Technic,2800000000,"5 Kursi, 2998 cc, 340 hp, Bensin",5 Kursi,2998 cc,Bensin,https://imgcdn.oto.com/large/gallery/exterior/3/2369/bmw-8-series-gran-coupe-front-angle-low-view-862942.jpg
BMW,M1 M135i xDrive,135000000,"5 Kursi, 1998 cc, 306 hp, Bensin",5 Kursi,1998 cc,Bensin,https://imgcdn.oto.com/large/gallery/exterior/3/2350/bmw-m1-front-angle-low-view-768888.jpg
BMW,M4 Coupe Coupe Competition,2000000000,"4 Kursi, 2979 cc, 431 hp, Bensin",4 Kursi,2979 cc,Bensin,https://imgcdn.oto.com/large/gallery/exterior/3/1741/bmw-m4-coupe-front-angle-low-view-113235.jpg
BMW,3 Series Sedan 320i Sport,102000000,"5 Kursi, 1998 cc, 184 hp, Bensin",5 Kursi,1998 cc,Bensin,https://imgcdn.oto.com/large/gallery/exterior/3/2195/bmw-3-series-sedan-2019-front-angle-low-view-862431.jpg
BMW,3 Series Sedan 330i M Sport,112000000,"5 Kursi, 1998 cc, 258 hp, Bensin",5 Kursi,1998 cc,Bensin,https://imgcdn.oto.com/large/gallery/exterior/3/2195/bmw-3-series-sedan-2019-front-angle-low-view-862431.jpg
BMW,M8 Coupe M8 Coupe Competition,778000000,"4 Kursi, 4395 cc, 625 hp, Bensin",4 Kursi,4395 cc,Bensin,https://imgcdn.oto.com/large/gallery/exterior/3/2418/bmw-m8-coupe-front-angle-low-view-622939.jpg
BMW,2 Series Gran Coupe 218i,811000000,"5 Kursi, 1499 cc, 140 hp, Bensin",5 Kursi,1499 cc,Bensin,https://imgcdn.oto.com/large/gallery/exterior/3/2574/bmw-2-series-gran-coupe-front-angle-low-view-172997.jpg
BMW,X1 sDrive18i Dynamic,830000000,"5 Kursi, 1499 cc, 140 hp, Bensin",5 Kursi,1499 cc,Bensin,https://imgcdn.oto.com/large/gallery/exterior/3/2251/bmw-x1-2019-front-angle-low-view-487580.jpg
BMW,X1 sDrive18i M Sport,920000000,"5 Kursi, 1499 cc, 140 hp, Bensin",5 Kursi,1499 cc,Bensin,https://imgcdn.oto.com/large/gallery/exterior/3/2251/bmw-x1-2019-front-angle-low-view-487580.jpg
BMW,M8 Gran Coupe Coupe Competition,772000000,"4 Kursi, 4395 cc, 625 hp, Bensin",4 Kursi,4395 cc,Bensin,https://imgcdn.oto.com/large/gallery/exterior/3/2575/bmw-m8-gran-coupe-front-angle-low-view-478918.jpg
BMW,X5 xDrive40i xLine,182000000,"5 Kursi, 2998 cc, 335 hp, Bensin",5 Kursi,2998 cc,Bensin,https://imgcdn.oto.com/large/gallery/exterior/3/2150/bmw-x5-front-angle-low-view-279111.jpg
BMW,Z4 sDrive30i M Sport,164000000,"2 Kursi, 1998 cc, 257 hp, Bensin",2 Kursi,1998 cc,Bensin,https://imgcdn.oto.com/large/gallery/exterior/3/2151/bmw-z4-front-angle-low-view-833934.jpg
Mercedes,Benz CLS-Class 350 AMG Line,178000000,"4 Kursi, 1998 cc, 299 hp, Bensin",4 Kursi,1998 cc,Bensin,https://imgcdn.oto.com/large/gallery/exterior/25/206/mercedes-benz-cls-class-front-angle-low-view-973788.jpg
Mercedes,Benz AMG GT 53 4Matic+ 4 Door Coupe,272000000,"4 Kursi, 429 hp, Otomatis, Bensin",4 Kursi,429 hp,Bensin,https://imgcdn.oto.com/large/gallery/exterior/25/902/mercedes-benz-amg-gt-front-angle-low-view-182635.jpg
Mercedes,Benz AMG GT S,548000000,"2 Kursi, 3982 cc, 503 hp, Bensin",2 Kursi,3982 cc,Bensin,https://imgcdn.oto.com/large/gallery/exterior/25/902/mercedes-benz-amg-gt-front-angle-low-view-182635.jpg
Mercedes,Benz G-Class AMG G 63,566000000,"5 Kursi, 5980 cc, 603 hp, Bensin",5 Kursi,5980 cc,Bensin,https://imgcdn.oto.com/large/gallery/exterior/25/902/mercedes-benz-amg-gt-front-angle-low-view-182635.jpg
Mercedes,Benz V-Class V 260 LWB,156000000,"7 Kursi, 1991 cc, 211 hp, Bensin",7 Kursi,1991 cc,Bensin,https://imgcdn.oto.com/large/gallery/exterior/25/211/mercedes-benz-g-class-front-angle-low-view-672434.jpg
Mercedes,Benz V-Class V 260 XLWB,156000000,"7 Kursi, 1991 cc, 211 hp, Bensin",7 Kursi,1991 cc,Bensin,https://imgcdn.oto.com/large/gallery/exterior/25/1340/mercedes-benz-v-class-front-angle-low-view-449066.jpg
Mercedes,Benz V-Class V 250 Avantgarde Line,173000000,"7 Kursi, 1991 cc, 211 hp, Bensin",7 Kursi,1991 cc,Bensin,https://imgcdn.oto.com/large/gallery/exterior/25/1340/mercedes-benz-v-class-front-angle-low-view-449066.jpg
Mercedes,Benz A-Class A 200 Progressive Line,700000000,"5 Kursi, 1332 cc, 163 hp, Bensin",5 Kursi,1332 cc,Bensin,https://imgcdn.oto.com/large/gallery/exterior/25/198/mercedes-benz-a-class-front-angle-low-view-215356.jpg
Mercedes,Benz A-Class AMG A 35 4MATIC,122000000,"5 Kursi, 1998 cc, 302 hp, Bensin",5 Kursi,1998 cc,Bensin,https://imgcdn.oto.com/large/gallery/exterior/25/198/mercedes-benz-a-class-front-angle-low-view-215356.jpg
Mercedes,Benz GLC-Class 200 Exclusive Line,102000000,"5 Kursi, 1991 cc, 184 hp, Bensin",5 Kursi,1991 cc,Bensin,https://imgcdn.oto.com/large/gallery/exterior/25/903/mercedes-benz-glc-class-front-angle-low-view-148156.jpg
Mercedes,Benz GLC-Class 200 AMG Line,106000000,"5 Kursi, 1991 cc, 184 hp, Bensin",5 Kursi,1991 cc,Bensin,https://imgcdn.oto.com/large/gallery/exterior/25/903/mercedes-benz-glc-class-front-angle-low-view-148156.jpg
Mercedes,Benz GLC-Class 300 Coupe 4MATIC AMG Line,143000000,"4 Kursi, 1991 cc, 245 hp, Bensin",4 Kursi,1991 cc,Bensin,https://imgcdn.oto.com/large/gallery/exterior/25/903/mercedes-benz-glc-class-front-angle-low-view-148156.jpg
Mercedes,Benz GLC-Class AMG 43 4MATIC Coupe,176000000,"5 Kursi, 2996 cc, 362 hp, Bensin",5 Kursi,2996 cc,Bensin,https://imgcdn.oto.com/large/gallery/exterior/25/903/mercedes-benz-glc-class-front-angle-low-view-148156.jpg
Mercedes,Benz GLA-Class 200 Urban Line,779000000,"5 Kursi, 1595 cc, 156 hp, Bensin",5 Kursi,1595 cc,Bensin,https://imgcdn.oto.com/large/gallery/exterior/25/208/mercedes-benz-gla-class-front-angle-low-view-278205.jpg
Mercedes,Benz GLA-Class 200 AMG Line,775000000,"5 Kursi, 1595 cc, 154 hp, Bensin",5 Kursi,1595 cc,Bensin,https://imgcdn.oto.com/large/gallery/exterior/25/208/mercedes-benz-gla-class-front-angle-low-view-278205.jpg
Mercedes,Benz GLA-Class AMG 35 4Matic,119000000,"5 Kursi, 1991 cc, 306 hp, Bensin",5 Kursi,1991 cc,Bensin,https://imgcdn.oto.com/large/gallery/exterior/25/208/mercedes-benz-gla-class-front-angle-low-view-278205.jpg
Mercedes,Benz GLS-Class 400 4MATIC AMG Line,215000000,"7 Kursi, 2996 cc, 333 hp, Bensin",7 Kursi,2996 cc,Bensin,https://imgcdn.oto.com/large/gallery/exterior/25/1511/mercedes-benz-gls-class-front-angle-low-view-486896.jpg
Mercedes,Benz GLS-Class 450 4Matic AMG Line,235000000,"7 Kursi, 2999 cc, 367 hp, Bensin",7 Kursi,2999 cc,Bensin,https://imgcdn.oto.com/large/gallery/exterior/25/1511/mercedes-benz-gls-class-front-angle-low-view-486896.jpg
Mercedes,Benz GLS-Class AMG GLS 63,523000000,"7 Kursi, 5461 cc, 430 hp, Bensin",7 Kursi,5461 cc,Bensin,https://imgcdn.oto.com/large/gallery/exterior/25/1511/mercedes-benz-gls-class-front-angle-low-view-486896.jpg
Mercedes,Benz S-Class S 450 4Matic Luxury,2500000000,"4 Kursi, 2999 cc, 367 hp, Bensin",4 Kursi,2999 cc,Bensin,https://imgcdn.oto.com/large/gallery/exterior/25/204/mercedes-benz-s-class-front-angle-low-view-127879.jpg
Mercedes,Benz S-Class Maybach S 580 4Matic+,588000000,"4 Kursi, 3982 cc, 503 hp, Bensin",4 Kursi,3982 cc,Bensin,https://imgcdn.oto.com/large/gallery/exterior/25/204/mercedes-benz-s-class-front-angle-low-view-127879.jpg
Mercedes,Benz E-Class AMG E 63 S 4MATIC+,0,"5 Kursi, 5461 cc, 577 hp, Bensin",5 Kursi,5461 cc,Bensin,https://imgcdn.oto.com/large/gallery/exterior/25/1510/mercedes-benz-e-class-front-angle-low-view-145607.jpg
Mercedes,Benz E-Class E 200 Avantgarde Line,108000000,"5 Kursi, 1991 cc, 197 hp, Bensin",5 Kursi,1991 cc,Bensin,https://imgcdn.oto.com/large/gallery/exterior/25/1510/mercedes-benz-e-class-front-angle-low-view-145607.jpg
Mercedes,Benz E-Class E 300 SportStyle Avantgarde Line,1300000000,"5 Kursi, 1991 cc, 258 hp, Bensin",5 Kursi,1991 cc,Bensin,https://imgcdn.oto.com/large/gallery/exterior/25/1510/mercedes-benz-e-class-front-angle-low-view-145607.jpg
Mercedes,Benz E-Class E 350 AMG Line,152000000,"5 Kursi, 1991 cc, 299 hp, Bensin",5 Kursi,1991 cc,Bensin,https://imgcdn.oto.com/large/gallery/exterior/25/1510/mercedes-benz-e-class-front-angle-low-view-145607.jpg
Mercedes,Benz E-Class E 300 Coupe AMG Line,168000000,"5 Kursi, 1991 cc, 245 hp, Bensin",5 Kursi,1991 cc,Bensin,https://imgcdn.oto.com/large/gallery/exterior/25/1510/mercedes-benz-e-class-front-angle-low-view-145607.jpg
Mercedes,Benz E-Class E300e AMG Line,192000000,"5 Kursi, 1991 cc, 211 hp, Bensin",5 Kursi,1991 cc,Bensin,https://imgcdn.oto.com/large/gallery/exterior/25/1510/mercedes-benz-e-class-front-angle-low-view-145607.jpg
Mercedes,Benz E-Class AMG E 43 4MATIC,211000000,"5 Kursi, 1950 cc, 211 hp, Bensin",5 Kursi,1950 cc,Bensin,https://imgcdn.oto.com/large/gallery/exterior/25/1510/mercedes-benz-e-class-front-angle-low-view-145607.jpg
Mercedes,Benz GLB-Class GLB Edition 50,0,"7 Kursi, 1332 cc, 163 hp, Bensin",7 Kursi,1332 cc,Bensin,https://imgcdn.oto.com/large/gallery/exterior/25/2360/mercedes-benz-glb-class-front-angle-low-view-432106.jpg
Mercedes,Benz GLB-Class 200 Progressive Line,975000000,"7 Kursi, 1332 cc, 163 hp, Bensin",7 Kursi,1332 cc,Bensin,https://imgcdn.oto.com/large/gallery/exterior/25/2360/mercedes-benz-glb-class-front-angle-low-view-432106.jpg
Mercedes,Benz AMG A35 2.0L,104000000,"5 Kursi, 1991 cc, 306 hp, Bensin",5 Kursi,1991 cc,Bensin,https://imgcdn.oto.com/large/gallery/exterior/25/2280/mercedes-benz-amg-a35-front-angle-low-view-447861.jpg
Mercedes,Benz C-Class Cabriolet 2.0L,132000000,"4 Kursi, 1991 cc, 204 hp, Bensin",4 Kursi,1991 cc,Bensin,https://imgcdn.oto.com/large/gallery/exterior/25/2281/mercedes-benz-c-class-cabriolet-front-angle-low-view-827245.jpg
Mercedes,Benz Sprinter 415 CDI A3,103000000,"2143 cc, 150 hp, Manual, Diesel",2143 cc,150 hp,Diesel,https://imgcdn.oto.com/large/gallery/exterior/25/2248/mercedes-benz-sprinter-front-angle-low-view-819510.jpg
Mercedes,Benz Sprinter 315 CDI A2,955000000,"14 Kursi, 2143 cc, 150 hp, Bensin",14 Kursi,2143 cc,Bensin,https://imgcdn.oto.com/large/gallery/exterior/25/2248/mercedes-benz-sprinter-front-angle-low-view-819510.jpg
Mercedes,Benz Sprinter 315 CDI A3,975000000,"14 Kursi, 2143 cc, 150 hp, Bensin",14 Kursi,2143 cc,Bensin,https://imgcdn.oto.com/large/gallery/exterior/25/2248/mercedes-benz-sprinter-front-angle-low-view-819510.jpg
Mercedes,Benz A-Class Sedan A 200,800000000,"5 Kursi, 1332 cc, 163 hp, Bensin",5 Kursi,1332 cc,Bensin,https://imgcdn.oto.com/large/gallery/exterior/25/198/mercedes-benz-a-class-front-angle-low-view-215356.jpg
Mercedes,Benz B-Class B 200 Progressive Line,700000000,"5 Kursi, 1333 cc, 160 hp, Bensin",5 Kursi,1333 cc,Bensin,https://imgcdn.oto.com/large/gallery/exterior/25/2153/mercedes-benz-b-class-front-angle-low-view-972034.jpg
Mercedes,Benz Vito Tourer,989000000,"8 Kursi, 1991 cc, 211 hp, Bensin",8 Kursi,1991 cc,Bensin,https://imgcdn.oto.com/large/gallery/exterior/25/1623/mercedes-benz-vito-front-angle-low-view-927069.jpg
Mercedes,Benz GLE-Class AMG 43 4MATIC Coupe,222000000,"5 Kursi, 2996 cc, 367 hp, Bensin",5 Kursi,2996 cc,Bensin,https://imgcdn.oto.com/large/gallery/exterior/25/2197/mercedes-benz-gle-class-2019-front-angle-low-view-283283.jpg
Mercedes,Benz GLE-Class 450 4MATIC AMG Line,168000000,"5 Kursi, 2999 cc, 367 hp, Bensin",5 Kursi,2999 cc,Bensin,https://imgcdn.oto.com/large/gallery/exterior/25/2197/mercedes-benz-gle-class-2019-front-angle-low-view-283283.jpg
Mercedes,Benz GLE-Class 400 Coupe 4MATIC AMG Line,1700000000,"5 Kursi, 2996 cc, 333 hp, Bensin",5 Kursi,2996 cc,Bensin,https://imgcdn.oto.com/large/gallery/exterior/25/2197/mercedes-benz-gle-class-2019-front-angle-low-view-283283.jpg
Mercedes,Benz C-Class Coupe C 300 Coupe AMG Line,152000000,"4 Kursi, 1991 cc, 245 hp, Bensin",4 Kursi,1991 cc,Bensin,https://imgcdn.oto.com/large/gallery/exterior/25/2035/mercedes-benz-c-class-estate-front-angle-low-view-492342.jpg
Mercedes,Benz C-Class Estate C 200 Exclusive Line,123000000,"5 Kursi, 1991 cc, 211 hp, Bensin",5 Kursi,1991 cc,Bensin,https://imgcdn.oto.com/large/gallery/exterior/25/2035/mercedes-benz-c-class-estate-front-angle-low-view-492342.jpg
Mercedes,Benz CLA-Class 200 AMG Line,865000000,"5 Kursi, 1332 cc, 163 hp, Bensin",5 Kursi,1332 cc,Bensin,https://imgcdn.oto.com/large/gallery/exterior/25/2196/mercedes-benz-cla-class-2019-front-angle-low-view-885983.jpg
Hyundai,Creta Active MT,281500000,"5 Kursi, 1497 cc, 113 hp, Bensin",5 Kursi,1497 cc,Bensin,https://imgcdn.oto.com/large/gallery/exterior/15/2434/hyundai-creta-2022-front-angle-low-view-996889.jpg
Hyundai,Creta Trend MT,301500000,"5 Kursi, 1497 cc, 113 hp, Bensin",5 Kursi,1497 cc,Bensin,https://imgcdn.oto.com/large/gallery/exterior/15/2434/hyundai-creta-2022-front-angle-low-view-996889.jpg
Hyundai,Creta Trend IVT,322000000,"5 Kursi, 1497 cc, 113 hp, Bensin",5 Kursi,1497 cc,Bensin,https://imgcdn.oto.com/large/gallery/exterior/15/2434/hyundai-creta-2022-front-angle-low-view-996889.jpg
Hyundai,Creta Style IVT,362000000,"5 Kursi, 1497 cc, 113 hp, Bensin",5 Kursi,1497 cc,Bensin,https://imgcdn.oto.com/large/gallery/exterior/15/2434/hyundai-creta-2022-front-angle-low-view-996889.jpg
Hyundai,Creta Prime IVT,401000000,"5 Kursi, 1497 cc, 113 hp, Bensin",5 Kursi,1497 cc,Bensin,https://imgcdn.oto.com/large/gallery/exterior/15/2434/hyundai-creta-2022-front-angle-low-view-996889.jpg
Hyundai,Palisade Prime,795000000,"7 Kursi, 2199 cc, 197 hp, Diesel",7 Kursi,2199 cc,Diesel,https://imgcdn.oto.com/large/gallery/exterior/15/2356/hyundai-palisade-front-angle-low-view-445519.jpg
Hyundai,Palisade Signature,907000000,"7 Kursi, 2199 cc, 197 hp, Diesel",7 Kursi,2199 cc,Diesel,https://imgcdn.oto.com/large/gallery/exterior/15/2356/hyundai-palisade-front-angle-low-view-445519.jpg
Hyundai,Palisade Signature AWD,104000000,"7 Kursi, 2199 cc, 197 hp, Diesel",7 Kursi,2199 cc,Diesel,https://imgcdn.oto.com/large/gallery/exterior/15/2356/hyundai-palisade-front-angle-low-view-445519.jpg
Hyundai,Ioniq Prime,682000000,"5 Kursi, 134 hp, Otomatis, Listrik",5 Kursi,134 hp,Listrik,https://imgcdn.oto.com/large/gallery/exterior/15/2274/hyundai-ioniq-front-angle-low-view-323063.jpg
Hyundai,Ioniq Signature,723000000,"5 Kursi, 134 hp, Otomatis, Listrik",5 Kursi,134 hp,Listrik,https://imgcdn.oto.com/large/gallery/exterior/15/2274/hyundai-ioniq-front-angle-low-view-323063.jpg
Hyundai,Santa Fe 2.2 8DCT Style,0,"7 Kursi, 2151 cc, 199 hp, Diesel",7 Kursi,2151 cc,Diesel,https://imgcdn.oto.com/large/gallery/exterior/15/2000/hyundai-santa-fe-front-angle-low-view-162576.jpg
Hyundai,Santa Fe 2.2 8DCT Prime,659000000,"7 Kursi, 2151 cc, 199 hp, Diesel",7 Kursi,2151 cc,Diesel,https://imgcdn.oto.com/large/gallery/exterior/15/2000/hyundai-santa-fe-front-angle-low-view-162576.jpg
Hyundai,Santa Fe 2.2 8DCT Signature,729000000,"7 Kursi, 2151 cc, 199 hp, Diesel",7 Kursi,2151 cc,Diesel,https://imgcdn.oto.com/large/gallery/exterior/15/2000/hyundai-santa-fe-front-angle-low-view-162576.jpg
Hyundai,Santa Fe 2.5 6AT Style,0,"7 Kursi, 2497 cc, 178 hp, Bensin",7 Kursi,2497 cc,Bensin,https://imgcdn.oto.com/large/gallery/exterior/15/2000/hyundai-santa-fe-front-angle-low-view-162576.jpg
Hyundai,Santa Fe 2.5 6AT Prime,599000000,"7 Kursi, 2497 cc, 178 hp, Bensin",7 Kursi,2497 cc,Bensin,https://imgcdn.oto.com/large/gallery/exterior/15/2000/hyundai-santa-fe-front-angle-low-view-162576.jpg
Hyundai,Santa Fe 2.5 6AT Signature,678000000,"7 Kursi, 2497 cc, 178 hp, Bensin",7 Kursi,2497 cc,Bensin,https://imgcdn.oto.com/large/gallery/exterior/15/2000/hyundai-santa-fe-front-angle-low-view-162576.jpg
Hyundai,Ioniq 5 Standard Range Prime,718000000,"5 Kursi, 168 hp, Otomatis, Listrik",5 Kursi,168 hp,Listrik,https://imgcdn.oto.com/large/gallery/exterior/15/2605/hyundai-ioniq-5-front-angle-low-view-395881.jpg
Hyundai,Ioniq 5 Long Range Prime,759000000,"5 Kursi, 214 hp, Otomatis, Listrik",5 Kursi,214 hp,Listrik,https://imgcdn.oto.com/large/gallery/exterior/15/2605/hyundai-ioniq-5-front-angle-low-view-395881.jpg
Hyundai,Ioniq 5 Standard Range Signature,779000000,"5 Kursi, 168 hp, Otomatis, Listrik",5 Kursi,168 hp,Listrik,https://imgcdn.oto.com/large/gallery/exterior/15/2605/hyundai-ioniq-5-front-angle-low-view-395881.jpg
Hyundai,Ioniq 5 Long Range Signature,829000000,"5 Kursi, 214 hp, Otomatis, Listrik",5 Kursi,214 hp,Listrik,https://imgcdn.oto.com/large/gallery/exterior/15/2605/hyundai-ioniq-5-front-angle-low-view-395881.jpg
Hyundai,Staria Signature 9,896000000,"9 Kursi, 2199 cc, 175 hp, Diesel",9 Kursi,2199 cc,Diesel,https://imgcdn.oto.com/large/gallery/exterior/15/2419/hyundai-staria-front-angle-low-view-715928.jpg
Hyundai,Staria Signature 7,103000000,"7 Kursi, 2199 cc, 175 hp, Diesel",7 Kursi,2199 cc,Diesel,https://imgcdn.oto.com/large/gallery/exterior/15/2419/hyundai-staria-front-angle-low-view-715928.jpg
Hyundai,Kona Electric Electric,742000000,"5 Kursi, 134 hp, Otomatis, Listrik",5 Kursi,134 hp,Listrik,https://imgcdn.oto.com/large/gallery/exterior/15/2353/hyundai-kona-electric-front-angle-low-view-390196.jpg
Ford,Ranger XL 2.2L 4x4 MT,491000000,"5 Kursi, 2198 cc, 158 hp, Diesel",5 Kursi,2198 cc,Diesel,https://imgcdn.oto.com/large/gallery/exterior/12/883/ford-ranger-front-angle-low-view-437205.jpg
Ford,Ranger XLT 2.2L 4x4 AT,572000000,"5 Kursi, 2198 cc, 158 hp, Diesel",5 Kursi,2198 cc,Diesel,https://imgcdn.oto.com/large/gallery/exterior/12/883/ford-ranger-front-angle-low-view-437205.jpg
Ford,Ranger Wildtrak 2.0L Bi-Turbo 4x4 AT,703000000,"5 Kursi, 1996 cc, 210 hp, Diesel",5 Kursi,1996 cc,Diesel,https://imgcdn.oto.com/large/gallery/exterior/12/883/ford-ranger-front-angle-low-view-437205.jpg
Ford,Ranger Raptor 2.0L Bi-Turbo 4x4 AT,1000000000,"5 Kursi, 1996 cc, 210 hp, Diesel",5 Kursi,1996 cc,Diesel,https://imgcdn.oto.com/large/gallery/exterior/12/883/ford-ranger-front-angle-low-view-437205.jpg
Ford,Everest 2.2L Trend,703000000,"7 Kursi, 2198 cc, 158 hp, Diesel",7 Kursi,2198 cc,Diesel,https://imgcdn.oto.com/large/gallery/exterior/12/87/ford-everest-front-angle-low-view-345804.jpg
Ford,Everest 2.0L Titanium,845000000,"7 Kursi, 1996 cc, 210 hp, Diesel",7 Kursi,1996 cc,Diesel,https://imgcdn.oto.com/large/gallery/exterior/12/87/ford-everest-front-angle-low-view-345804.jpg
Lexus,LS  500,382000000,"5 Kursi, 3445 cc, 415 hp, Bensin",5 Kursi,3445 cc,Bensin,https://imgcdn.oto.com/large/gallery/exterior/22/180/lexus-ls-front-angle-low-view-554991.jpg
Lexus,LS  500h,474000000,"5 Kursi, 3456 cc, 354 hp, Bensin",5 Kursi,3456 cc,Bensin,https://imgcdn.oto.com/large/gallery/exterior/22/180/lexus-ls-front-angle-low-view-554991.jpg
Lexus,LC 500,429000000,"4 Kursi, 4969 cc, 471 hp, Bensin",4 Kursi,4969 cc,Bensin,https://imgcdn.oto.com/large/gallery/exterior/22/1373/lexus-lc-front-angle-low-view-743390.jpg
Lexus,RX 300 Luxury,144000000,"7 Kursi, 1998 cc, 235 hp, Bensin",7 Kursi,1998 cc,Bensin,https://imgcdn.oto.com/large/gallery/exterior/22/1374/lexus-rx-front-angle-low-view-163602.jpg
Lexus,RX 300 F Sport,149000000,"7 Kursi, 1998 cc, 235 hp, Bensin",7 Kursi,1998 cc,Bensin,https://imgcdn.oto.com/large/gallery/exterior/22/1374/lexus-rx-front-angle-low-view-163602.jpg
Lexus,LX 570,339000000,"8 Kursi, 5663 cc, 362 hp, Bensin",8 Kursi,5663 cc,Bensin,https://imgcdn.oto.com/large/gallery/exterior/22/1351/lexus-lx-front-angle-low-view-784278.jpg
Lexus,LX 570 Sport,347000000,"8 Kursi, 5663 cc, 362 hp, Bensin",8 Kursi,5663 cc,Bensin,https://imgcdn.oto.com/large/gallery/exterior/22/1351/lexus-lx-front-angle-low-view-784278.jpg
Lexus,NX 300,113000000,"5 Kursi, 1998 cc, 235 hp, Bensin",5 Kursi,1998 cc,Bensin,https://imgcdn.oto.com/large/gallery/exterior/22/884/lexus-nx-front-angle-low-view-630099.jpg
Lexus,NX 300 F-Sport,118000000,"5 Kursi, 1998 cc, 235 hp, Bensin",5 Kursi,1998 cc,Bensin,https://imgcdn.oto.com/large/gallery/exterior/22/884/lexus-nx-front-angle-low-view-630099.jpg
Lexus,UX  300e,124000000,"5 Kursi, 201 hp, Otomatis, Listrik",5 Kursi,201 hp,Listrik,https://imgcdn.oto.com/large/gallery/exterior/22/2018/lexus-ux-front-angle-low-view-267015.jpg
Lexus,UX  200 Luxury,893000000,"5 Kursi, 1987 cc, 168 hp, Bensin",5 Kursi,1987 cc,Bensin,https://imgcdn.oto.com/large/gallery/exterior/22/2018/lexus-ux-front-angle-low-view-267015.jpg
Lexus,UX  200 F Sport,933000000,"5 Kursi, 1987 cc, 168 hp, Bensin",5 Kursi,1987 cc,Bensin,https://imgcdn.oto.com/large/gallery/exterior/22/2018/lexus-ux-front-angle-low-view-267015.jpg
Lexus,UX  250h,998000000,"5 Kursi, 1987 cc, 181 hp, Bensin",5 Kursi,1987 cc,Bensin,https://imgcdn.oto.com/large/gallery/exterior/22/2018/lexus-ux-front-angle-low-view-267015.jpg
Lexus,LM 350 (7-Seater),242000000,"7 Kursi, 3456 cc, 297 hp, Bensin",7 Kursi,3456 cc,Bensin,https://imgcdn.oto.com/large/gallery/exterior/22/2296/lexus-lm-front-angle-low-view-523279.jpg
Lexus,LM 350 (4-Seater),306000000,"4 Kursi, 3456 cc, 297 hp, Bensin",4 Kursi,3456 cc,Bensin,https://imgcdn.oto.com/large/gallery/exterior/22/2296/lexus-lm-front-angle-low-view-523279.jpg
Lexus,ES  250,116000000,"5 Kursi, 2487 cc, 204 hp, Bensin",5 Kursi,2487 cc,Bensin,https://imgcdn.oto.com/large/gallery/exterior/22/2007/lexus-es-front-angle-low-view-491059.jpg
Lexus,ES  300h Ultra Luxury,122000000,"5 Kursi, 2487 cc, 215 hp, Bensin",5 Kursi,2487 cc,Bensin,https://imgcdn.oto.com/large/gallery/exterior/22/2007/lexus-es-front-angle-low-view-491059.jpg
Jeep,Wrangler Sport 4-Door,167000000,"5 Kursi, 1995 cc, 270 hp, Bensin",5 Kursi,1995 cc,Bensin,https://imgcdn.oto.com/large/gallery/exterior/19/2031/jeep-wrangler-front-angle-low-view-200415.jpg
Jeep,Wrangler Sahara 4-Door,178000000,"5 Kursi, 1995 cc, 270 hp, Bensin",5 Kursi,1995 cc,Bensin,https://imgcdn.oto.com/large/gallery/exterior/19/2031/jeep-wrangler-front-angle-low-view-200415.jpg
Jeep,Wrangler Rubicon 2-Door,178000000,"4 Kursi, 1995 cc, 270 hp, Bensin",4 Kursi,1995 cc,Bensin,https://imgcdn.oto.com/large/gallery/exterior/19/2031/jeep-wrangler-front-angle-low-view-200415.jpg
Jeep,Wrangler Sport 2-Door,178000000,"4 Kursi, 1995 cc, 270 hp, Bensin",4 Kursi,1995 cc,Bensin,https://imgcdn.oto.com/large/gallery/exterior/19/2031/jeep-wrangler-front-angle-low-view-200415.jpg
Jeep,Wrangler Rubicon 4-Door,1900000000,"5 Kursi, 1995 cc, 270 hp, Bensin",5 Kursi,1995 cc,Bensin,https://imgcdn.oto.com/large/gallery/exterior/19/2031/jeep-wrangler-front-angle-low-view-200415.jpg
Jeep,Cherokee Limited,152000000,"5 Kursi, 1995 cc, 270 hp, Bensin",5 Kursi,1995 cc,Bensin,https://imgcdn.oto.com/large/gallery/exterior/19/161/jeep-cherokee-front-angle-low-view-498072.jpg
Jeep,Cherokee Trailhawk,162000000,"5 Kursi, 1995 cc, 270 hp, Bensin",5 Kursi,1995 cc,Bensin,https://imgcdn.oto.com/large/gallery/exterior/19/161/jeep-cherokee-front-angle-low-view-498072.jpg
Jeep,Gladiator Rubicon,218000000,"5 Kursi, 3604 cc, 285 hp, Bensin",5 Kursi,3604 cc,Bensin,https://imgcdn.oto.com/large/gallery/exterior/19/2363/jeep-gladiator-front-angle-low-view-960760.jpg
Jeep,Gladiator Rubicon Altitude,235000000,"5 Kursi, 3604 cc, 285 hp, Bensin",5 Kursi,3604 cc,Bensin,https://imgcdn.oto.com/large/gallery/exterior/19/2363/jeep-gladiator-front-angle-low-view-960760.jpg
Jeep,Compass Longitude,615000000,"5 Kursi, 1368 cc, 162 hp, Bensin",5 Kursi,1368 cc,Bensin,https://imgcdn.oto.com/large/gallery/exterior/19/2027/jeep-compass-front-angle-low-view-227967.jpg
Isuzu,Traga Pick Up (FD),213800000,"3 Kursi, 2499 cc, 80 hp, Diesel",3 Kursi,2499 cc,Diesel,https://imgcdn.oto.com/medium/gallery/exterior/17/2187/isuzu-traga-front-angle-low-view-664209.jpg
Isuzu,Traga Box Aluminium,242300000,"3 Kursi, 2499 cc, 80 hp, Diesel",3 Kursi,2499 cc,Diesel,https://imgcdn.oto.com/medium/gallery/exterior/17/2187/isuzu-traga-front-angle-low-view-664209.jpg
Isuzu,MuX 4x4 AT,564300000,"7 Kursi, 1898 cc, 148 hp, Diesel",7 Kursi,1898 cc,Diesel,https://imgcdn.oto.com/medium/gallery/exterior/17/2484/isuzu-mu-x-2022-front-angle-low-view-721203.jpg
Isuzu,D Max SC MT,366500000,"2 Kursi, 1898 cc, 148 hp, Diesel",2 Kursi,1898 cc,Diesel,https://imgcdn.oto.com/medium/gallery/exterior/17/2483/isuzu-d-max-2021-front-angle-low-view-402309.jpg
Isuzu,D Max DC MT,436500000,"5 Kursi, 1898 cc, 148 hp, Diesel",5 Kursi,1898 cc,Diesel,https://imgcdn.oto.com/medium/gallery/exterior/17/2483/isuzu-d-max-2021-front-angle-low-view-402309.jpg
Isuzu,D Max Rodeo MT,463800000,"5 Kursi, 1898 cc, 148 hp, Diesel",5 Kursi,1898 cc,Diesel,https://imgcdn.oto.com/medium/gallery/exterior/17/2483/isuzu-d-max-2021-front-angle-low-view-402309.jpg
Suzuki,Ertiga GA MT,225100000,"7 Kursi, 1462 cc, 103 hp, Bensin",7 Kursi,1462 cc,Bensin,https://imgcdn.oto.com/medium/gallery/exterior/37/332/suzuki-ertiga-front-angle-low-view-561755.jpg
Suzuki,Ertiga GL MT,248500000,"7 Kursi, 1462 cc, 103 hp, Bensin",7 Kursi,1462 cc,Bensin,https://imgcdn.oto.com/medium/gallery/exterior/37/332/suzuki-ertiga-front-angle-low-view-561755.jpg
Suzuki,Ertiga GL AT,269500000,"7 Kursi, 1462 cc, 103 hp, Bensin",7 Kursi,1462 cc,Bensin,https://imgcdn.oto.com/medium/gallery/exterior/37/332/suzuki-ertiga-front-angle-low-view-561755.jpg
Suzuki,Ertiga GX MT,270300000,"7 Kursi, 1462 cc, 103 hp, Bensin",7 Kursi,1462 cc,Bensin,https://imgcdn.oto.com/medium/gallery/exterior/37/332/suzuki-ertiga-front-angle-low-view-561755.jpg
Suzuki,Ertiga GX AT,281300000,"7 Kursi, 1462 cc, 103 hp, Bensin",7 Kursi,1462 cc,Bensin,https://imgcdn.oto.com/medium/gallery/exterior/37/332/suzuki-ertiga-front-angle-low-view-561755.jpg
Suzuki,Ertiga Sport MT,281300000,"7 Kursi, 1462 cc, 103 hp, Bensin",7 Kursi,1462 cc,Bensin,https://imgcdn.oto.com/medium/gallery/exterior/37/332/suzuki-ertiga-front-angle-low-view-561755.jpg
Suzuki,Ertiga Sport AT,292300000,"7 Kursi, 1462 cc, 103 hp, Bensin",7 Kursi,1462 cc,Bensin,https://imgcdn.oto.com/medium/gallery/exterior/37/332/suzuki-ertiga-front-angle-low-view-561755.jpg
Suzuki,XL7 Zeta MT,251800000,"7 Kursi, 1462 cc, 103 hp, Bensin",7 Kursi,1462 cc,Bensin,https://imgcdn.oto.com/medium/gallery/exterior/37/2220/suzuki-xl7-front-angle-low-view-256507.jpg
Suzuki,XL7 Zeta AT,262600000,"7 Kursi, 1462 cc, 103 hp, Bensin",7 Kursi,1462 cc,Bensin,https://imgcdn.oto.com/medium/gallery/exterior/37/2220/suzuki-xl7-front-angle-low-view-256507.jpg
Suzuki,XL7 Beta MT,269000000,"7 Kursi, 1462 cc, 103 hp, Bensin",7 Kursi,1462 cc,Bensin,https://imgcdn.oto.com/medium/gallery/exterior/37/2220/suzuki-xl7-front-angle-low-view-256507.jpg
Suzuki,XL7 Alpha MT,279100000,"7 Kursi, 1462 cc, 103 hp, Bensin",7 Kursi,1462 cc,Bensin,https://imgcdn.oto.com/medium/gallery/exterior/37/2220/suzuki-xl7-front-angle-low-view-256507.jpg
Suzuki,XL7 Beta AT,280000000,"7 Kursi, 1462 cc, 103 hp, Bensin",7 Kursi,1462 cc,Bensin,https://imgcdn.oto.com/medium/gallery/exterior/37/2220/suzuki-xl7-front-angle-low-view-256507.jpg
Suzuki,XL7 Alpha AT,290100000,"7 Kursi, 1462 cc, 103 hp, Bensin",7 Kursi,1462 cc,Bensin,https://imgcdn.oto.com/medium/gallery/exterior/37/2220/suzuki-xl7-front-angle-low-view-256507.jpg
Suzuki,XL7 Alpha FF MT,294200000,"7 Kursi, 1462 cc, 103 hp, Bensin",7 Kursi,1462 cc,Bensin,https://imgcdn.oto.com/medium/gallery/exterior/37/2220/suzuki-xl7-front-angle-low-view-256507.jpg
Suzuki,XL7 Alpha FF AT,305200000,"7 Kursi, 1462 cc, 103 hp, Bensin",7 Kursi,1462 cc,Bensin,https://imgcdn.oto.com/medium/gallery/exterior/37/2220/suzuki-xl7-front-angle-low-view-256507.jpg
Suzuki,Jimny Single Tone MT,409500000,"4 Kursi, 1462 cc, 101 hp, Bensin",4 Kursi,1462 cc,Bensin,https://imgcdn.oto.com/medium/gallery/exterior/37/782/suzuki-jimny-front-angle-low-view-177244.jpg
Suzuki,Jimny Two Tone MT,412500000,"4 Kursi, 1462 cc, 101 hp, Bensin",4 Kursi,1462 cc,Bensin,https://imgcdn.oto.com/medium/gallery/exterior/37/782/suzuki-jimny-front-angle-low-view-177244.jpg
Suzuki,Jimny Single Tone AT,422100000,"4 Kursi, 1462 cc, 101 hp, Bensin",4 Kursi,1462 cc,Bensin,https://imgcdn.oto.com/medium/gallery/exterior/37/782/suzuki-jimny-front-angle-low-view-177244.jpg
Suzuki,Jimny Two Tone AT,425100000,"4 Kursi, 1462 cc, 101 hp, Bensin",4 Kursi,1462 cc,Bensin,https://imgcdn.oto.com/medium/gallery/exterior/37/782/suzuki-jimny-front-angle-low-view-177244.jpg
Suzuki,Karimun Wagon R GL Airbag,137700000,"5 Kursi, 998 cc, 67 hp, Bensin",5 Kursi,998 cc,Bensin,https://imgcdn.oto.com/medium/gallery/exterior/37/328/suzuki-karimun-wagon-r-front-angle-low-view-605313.jpg
Suzuki,Karimun Wagon R GL AGS Airbag,147000000,"5 Kursi, 998 cc, 67 hp, Bensin",5 Kursi,998 cc,Bensin,https://imgcdn.oto.com/medium/gallery/exterior/37/328/suzuki-karimun-wagon-r-front-angle-low-view-605313.jpg
Suzuki,Karimun Wagon R MPV 7-Seater,147000000,"7 Kursi, 998 cc, 67 hp, Bensin",7 Kursi,998 cc,Bensin,https://imgcdn.oto.com/medium/gallery/exterior/37/328/suzuki-karimun-wagon-r-front-angle-low-view-605313.jpg
Suzuki,Baleno MT,252900000,"5 Kursi, 1373 cc, 91 hp, Bensin",5 Kursi,1373 cc,Bensin,https://imgcdn.oto.com/medium/gallery/exterior/37/2266/suzuki-baleno-2020-front-angle-low-view-131946.jpg
Suzuki,Baleno AT,266540000,"5 Kursi, 1373 cc, 91 hp, Bensin",5 Kursi,1373 cc,Bensin,https://imgcdn.oto.com/medium/gallery/exterior/37/2266/suzuki-baleno-2020-front-angle-low-view-131946.jpg
Suzuki,Carry Flat Deck,161600000,"3 Kursi, 1462 cc, 96 hp, Bensin",3 Kursi,1462 cc,Bensin,https://imgcdn.oto.com/medium/gallery/exterior/37/2158/suzuki-carry-front-angle-low-view-924731.jpg
Suzuki,Carry Wide Deck,162600000,"3 Kursi, 1462 cc, 96 hp, Bensin",3 Kursi,1462 cc,Bensin,https://imgcdn.oto.com/medium/gallery/exterior/37/2158/suzuki-carry-front-angle-low-view-924731.jpg
Suzuki,Carry Flat Deck AC/PS,171200000,"3 Kursi, 1462 cc, 96 hp, Bensin",3 Kursi,1462 cc,Bensin,https://imgcdn.oto.com/medium/gallery/exterior/37/2158/suzuki-carry-front-angle-low-view-924731.jpg
Suzuki,Carry Wide Deck AC/PS,171200000,"3 Kursi, 1462 cc, 96 hp, Bensin",3 Kursi,1462 cc,Bensin,https://imgcdn.oto.com/medium/gallery/exterior/37/2158/suzuki-carry-front-angle-low-view-924731.jpg
Suzuki,Ignis GX MT,207200000,"5 Kursi, 1197 cc, 82 hp, Bensin",5 Kursi,1197 cc,Bensin,https://imgcdn.oto.com/medium/gallery/exterior/37/1362/suzuki-ignis-front-angle-low-view-859722.jpg
Suzuki,Ignis GX AGS,217500000,"5 Kursi, 1197 cc, 82 hp, Bensin",5 Kursi,1197 cc,Bensin,https://imgcdn.oto.com/medium/gallery/exterior/37/1362/suzuki-ignis-front-angle-low-view-859722.jpg
Suzuki,APV Luxury MT R15,258100000,"7 Kursi, 1493 cc, 92 hp, Bensin",7 Kursi,1493 cc,Bensin,https://imgcdn.oto.com/medium/gallery/exterior/37/324/suzuki-apv-luxury-front-angle-low-view-772132.jpg
Suzuki,APV Luxury MT R17,262100000,"7 Kursi, 1493 cc, 92 hp, Bensin",7 Kursi,1493 cc,Bensin,https://imgcdn.oto.com/medium/gallery/exterior/37/324/suzuki-apv-luxury-front-angle-low-view-772132.jpg
Suzuki,APV Arena Blind Van,169900000,"2 Kursi, 1493 cc, 93 hp, Bensin",2 Kursi,1493 cc,Bensin,https://imgcdn.oto.com/medium/gallery/exterior/37/326/suzuki-apv-arena-front-angle-low-view-886242.jpg
Suzuki,APV Arena GA MT,213500000,"8 Kursi, 1493 cc, 93 hp, Bensin",8 Kursi,1493 cc,Bensin,https://imgcdn.oto.com/medium/gallery/exterior/37/326/suzuki-apv-arena-front-angle-low-view-886242.jpg
Suzuki,APV Arena GL MT,221700000,"8 Kursi, 1493 cc, 93 hp, Bensin",8 Kursi,1493 cc,Bensin,https://imgcdn.oto.com/medium/gallery/exterior/37/326/suzuki-apv-arena-front-angle-low-view-886242.jpg
Suzuki,APV Arena GX MT,235600000,"7 Kursi, 1493 cc, 93 hp, Bensin",7 Kursi,1493 cc,Bensin,https://imgcdn.oto.com/medium/gallery/exterior/37/326/suzuki-apv-arena-front-angle-low-view-886242.jpg
Suzuki,APV Arena SGX MT,238900000,"7 Kursi, 1493 cc, 93 hp, Bensin",7 Kursi,1493 cc,Bensin,https://imgcdn.oto.com/medium/gallery/exterior/37/326/suzuki-apv-arena-front-angle-low-view-886242.jpg
Suzuki,Karimun Wagon R GS GS Airbag,146300000,"5 Kursi, 998 cc, 67 hp, Bensin",5 Kursi,998 cc,Bensin,https://imgcdn.oto.com/medium/gallery/exterior/37/322/suzuki-karimun-wagon-r-gs-front-angle-low-view-721388.jpg
Suzuki,Karimun Wagon R GS GS AGS Airbag,155200000,"5 Kursi, 998 cc, 67 hp, Bensin",5 Kursi,998 cc,Bensin,https://imgcdn.oto.com/medium/gallery/exterior/37/322/suzuki-karimun-wagon-r-gs-front-angle-low-view-721388.jpg
Suzuki,SX4 S Cross AT,340400000,"5 Kursi, 1491 cc, 108 hp, Bensin",5 Kursi,1491 cc,Bensin,https://imgcdn.oto.com/medium/gallery/exterior/37/1885/suzuki-sx-4-s-cross-front-angle-low-view-595354.jpg
