brand,city,dealer_name,address,link_maps
isuzu,bandung,PT. AI-ISUZU SALES OPERATION,"JL. SOEKARNO HATTA 438 D, Bandung","http://maps.google.com/?q=-6.949181,107.620437"
isuzu,bekasi,PT. AI-ISUZU SALES OPERATION,"JL. JEND. SUDIRMAN 99 KRANJI, Bekasi","http://maps.google.com/?q=-6.249028,106.996952"
isuzu,bogor,PT. AI-ISUZU SALES OPERATION,"JL. PAJAJARAN NO. 22, Bogor","http://maps.google.com/?q=-6.617843,106.816488"
isuzu,denpasar,PT. AI-ISUZU SALES OPERATION,"JL. HOS COKROAMINOTO NO. 52, Denpasar","http://maps.google.com/?q=-8.64087,115.208709"
isuzu,depok,PT. KARYA ZIRANG UTAMA,"JL. KARTINI NO. 51, Depok","http://maps.google.com/?q=-6.401869,106.818583"
isuzu,jakarta barat,PT. AI-ISUZU SALES OPERATION,"JL. DAAN MOGOT KM. 13,9 CENGKARENG , Jakarta Barat","http://maps.google.com/?q=-6.137254,106.728972"
isuzu,jakarta pusat,PT. ARMADA AUTO TARA,"JL. TANAH ABANG II NO. 104, Jakarta Pusat, 12220","http://maps.google.com/?q=-6.175826,106.810015"
isuzu,jakarta selatan,PT. AI ISUZU SALES OPERATION,"JL. RS FATMAWATI NO. 159, Jakarta Selatan","http://maps.google.com/?q=-6.291021,106.794845"
isuzu,jakarta timur,PT. AI ISUZU SALES OPERATION,"JL. PRAMUKA RAYA NO. 8, UTAN KAYU UTARA MATRAMAN, Jakarta Timur","http://maps.google.com/?q=-6.191847,106.873156"
isuzu,jakarta utara,PT. PERROS MOBILINDO,"JL. KAMPUNG BANDAN 3-6, Jakarta Utara, 14330","http://maps.google.com/?q=-6.133387,106.817173"
isuzu,makassar,PT. AI-ISUZU SALES OPERATION,"JL. URIP SUMOHARJO KM. 4, Makassar","http://maps.google.com/?q=-2.96319,104.7847"
isuzu,medan,PT. ISUINDOMAS PUTRA,"JL. RAHMADSYAH 55-57, Medan","http://maps.google.com/?q=3.579724,98.692908"
isuzu,palembang,PT. AI-ISUZU SALES OPERATION,"JL. KOL. H. BURLIAN, Palembang","http://maps.google.com/?q=-2.990934,104.756556"
isuzu,pekanbaru,PT. AI-ISUZU SALES OPERATION,"JL. SOEKARNO HATTA 120-122, Pekanbaru","http://maps.google.com/?q=0.481075,101.45636"
isuzu,semarang,PT. AI-ISUZU SALES OPERATION,"JL. MAJAPAHIT  117, Semarang","http://maps.google.com/?q=-7.008865,110.465041"
isuzu,surabaya,PT. AI-ISUZU SALES OPERATION,"JL. KOMBES M. DURIAT 17, Surabaya","http://maps.google.com/?q=-7.26916,112.739466"
isuzu,surakarta,PT. SASAMI RADYA MOTOR,"JL. RAYA PALUR KM. 5,7 NO. 16 PALUR SOLO, Surakarta, 57554","http://maps.google.com/?q=-7.566244,110.867027"
isuzu,tangerang,PT. AUTO CIPTA KARYA,"JL. RAYA SERPONG KAV. 8, Tangerang, 12270","http://maps.google.com/?q=-6.316073,106.696751"
isuzu,tangerang selatan,PT. AI-ISUZU PISANGAN,"JL. IR. H. DJUANDA NO. 48, PISANGAN, CIPUTAT TIMUR , Tangerang Selatan","http://maps.google.com/?q=-6.31221,106.75134"
isuzu,yogyakarta,PT. AI-ISUZU SALES OPERATION,"JL. RINGROAD SELATAN, DESA PANGGUNG HARJO RW 12, KEC.SEWON, Yogyakarta","http://maps.google.com/?q=-7.835115,110.364523"
isuzu,badung,PT. BUANA PERKASA DEWATA PERMAI,"JL. SUNSET ROAD 88, KUTA BALI, Badung, 80361","http://maps.google.com/?q=-8.71618,115.1852"
isuzu,balikpapan,PT. AI-ISUZU SALES OPERATION,"JL. JENDRAL SUDIRMAN 4A, Balikpapan","http://maps.google.com/?q=-1.273322,116.851236"
isuzu,banda aceh,PT. ISUINDOMAS PUTRA,"JL. CUT NYAK DIEN LAMTEUMEN 379 JAYA BARU, Banda Aceh","http://maps.google.com/?q=5.55,95.316667"
isuzu,bandar lampung,PT. AI-ISUZU SALES OPERATION,"JL. Z. A. PAGAR ALAM  81 GEDONG MENENG, Bandar Lampung","http://maps.google.com/?q=-5.386531,105.244654"
isuzu,banjarmasin,PT. AI-ISUZU SALES OPERATION,"JL. JENDRAL A YANI KM. 15,8 GAMBUT, Banjarmasin","http://maps.google.com/?q=-3.392128,114.658864"
isuzu,banyumas,PT. ARMADA INTERNATIONAL MOTOR,"JL. GERILYA TIMUR 28 , Purwokerto, Banyumas","http://maps.google.com/?q=-7.431391,109.24783"
isuzu,bengkulu,PT. BORNEO AUTO CEMERLANG,"JL. DEPATI PAYUNG NEGARA RT 023 RW 05 91 KELURAHAN PAGAR DEWA,KECAMATAN SELEBAR, Bengkulu","http://maps.google.com/?q=-3.792067,102.261996"
isuzu,bojonegoro,PT. JOLO INDAH,"JL. UNTUNG SUROPATI NO. 93, Bojonegoro","http://maps.google.com/?q=-7.158195,111.87844"
isuzu,buleleng,PT. AI-ISUZU SALES OPERATION,"JL. A YANI BARAT 201 SINGARAJA, Buleleng, 81119","http://maps.google.com/?q=-0.05936,110.12754"
isuzu,cilacap,PT. ARMADA INTERNATIONAL MOTOR,"JL. URIP SUMOHARJO RT.002/002 MERTASINGA, Cilacap","http://maps.google.com/?q=-7.680507,109.051094"
isuzu,cilegon,PT. AI-ISUZU SALES OPERATION,"JL. RAYA SERANG RUKO SABAR INDAH DESA SERDANG  14 KRAMATWATU SERANG, Cilegon","http://maps.google.com/?q=-6.12,106.150278"
isuzu,cirebon,PT. AI-ISUZU SALES OPERATION,"JL. TUPAREV 76, Cirebon","http://maps.google.com/?q=-6.710994,108.541543"
isuzu,garut,PT. ASCO DWI MOBILINDO,"JL.CIMANUK 150, Garut","http://maps.google.com/?q=-7.212181,107.897911"
isuzu,gianyar,PT. AI-ISUZU SALES OPERATION,"JL. PROFESSOR DOKTOR IDA BAGUS MANTRA NO. 119 X, LEMBENG, Gianyar","http://maps.google.com/?q=-8.64823,115.27118"
isuzu,gorontalo,PT. BORNEO AUTO CEMERLANG,"JL. JOHN ARYO KATILI NO.140 RT.3 RW.3 PAGUYUMAN, Gorontalo","http://maps.google.com/?q=0.631701,122.755737"
isuzu,gresik,PT. BUANA PERKASA PERMAI,"JL. RA KARTINI 222, Gresik","http://maps.google.com/?q=-7.167404,112.643523"
isuzu,jambi,PT. SIPIN MOBILINDO,"JL. KOLONEL ABUNJANI   8 SIMPANG III SIPIN, Jambi","http://maps.google.com/?q=-1.614777,103.593546"
isuzu,jayapura,PT. BORNEO AUTO CEMERLANG,"JL. RAYA SENTANI   78 KELURAHAN HEDAM ABEPURA, Jayapura","http://maps.google.com/?q=-2.533,140.717"
isuzu,jember,PT. BUANA PERKASA PERMAI,"JL. HAYAM WURUK 40, Jember, 68131","http://maps.google.com/?q=-8.18743,113.65864"
isuzu,karawang,PT. AI-ISUZU SALES OPERATION,"JL. SUROTO KUNTO 58, Karawang","http://maps.google.com/?q=-6.314418,107.320511"
isuzu,kediri,PT. JOLO INDAH,"JL. ERLANGGA 36, Kediri","http://maps.google.com/?q=-7.813808,112.056181"
isuzu,klaten,PT. AI-ISUZU SALES OPERATION,"DUKUH Tegal MAS DESA PRAWATAN   JOGONALAN, Klaten","http://maps.google.com/?q=-7.69165,110.612548"
isuzu,kudus,PT. KARYA ZIRANG UTAMA,"JL. AKBP AGIL KUSUMADYA, Kudus","http://maps.google.com/?q=-6.833857,110.825376"
isuzu,kupang,PT. PRIMAPUTRA ADIWAHANA,"JL. TIMOR RAYA Kupang 154, Kupang","http://maps.google.com/?q=-10.095867,123.846302"
isuzu,kutai timur,PT. AI-ISUZU SALES OPERATION,"JL. KABO JAYA KELURAHAN SWARGA BARA KECAMATAN SANGATTA UTARA, Kutai Timur, 75683","http://maps.google.com/?q=0.53308,117.52468"
isuzu,labuhan batu,PT. AI-ISUZU SALES OPERATION,"JL. H. ADAM MALIK, KELURAHAN BKARAN BATU, Rantau Prapat, Labuhan Batu","http://maps.google.com/?q=2.093131,99.835207"
isuzu,lampung selatan,PT. AI-ISUZU SALES OPERATION,"JL. RAYA HAJI MENA KM 1,4 NATAR - , Lampung Selatan","http://maps.google.com/?q=-5.33836,105.21227"
isuzu,madiun,PT. JOLO INDAH,"JL. URIP SUMOHARDJO 13, Madiun","http://maps.google.com/?q=-7.628346,111.508972"
isuzu,magelang,PT. ARMADA INTERNATIONAL MOTOR,"JL. SOEKARNO-HATTA, Magelang","http://maps.google.com/?q=-7.49501,110.231477"
isuzu,malang,PT. AI-ISUZU SALES OPERATION,"JL. SUNANDAR PRIYOSUDARMO NO. 40, Malang","http://maps.google.com/?q=-7.95238,112.646119"
isuzu,manado,PT. AI-ISUZU SALES OPERATION,"JL. WOLTER MONGINSIDI 123 A MALALAYANG, Manado","http://maps.google.com/?q=1.45921,124.803091"
isuzu,mataram,PT. PRIMAPUTRA ADIWAHANA,"JL. AA GDE NGURAH  74 CAKRANEGARA NTB, Mataram","http://maps.google.com/?q=-8.590886,116.129463"
isuzu,mojokerto,CV. DWI JAYA MOTOR,"JL. JAYANEGARA 179 A, Mojokerto","http://maps.google.com/?q=-7.491451,112.446598"
isuzu,palangka raya,PT. BORNEO AUTO CEMERLANG,"JL. TJILIK RIWUT KM 2,5 NO.134B, Palangka Raya","http://maps.google.com/?q=-16.64677,-49.40929"
isuzu,palu,PT. BUANA PERKASA PERMAI,"JL. YOS SUDARSO 88, Palu","http://maps.google.com/?q=-0.868809,119.877274"
isuzu,pasuruan,PT. AI-ISUZU SALES OPERATION,"DS. NGETAL BLOK D110 RT 06 / RW 14. KARANGREJO - GEMPOL, Pasuruan","http://maps.google.com/?q=-7.584898,112.694355"
isuzu,pekalongan,PT. AI-ISUZU SALES OPERATION,"JL. KH MAS MANSYUR 66, Pekalongan","http://maps.google.com/?q=-6.89328,109.666936"
isuzu,pontianak,PT. BORNEO AUTO CEMERLANG,"JL. PAHLAWAN No.2-3, Pontianak","http://maps.google.com/?q=-0.040348,109.346819"
isuzu,salatiga,PT. KARYA ZIRANG UTAMA,"JL. OSAMALIKI 24A, Salatiga","http://maps.google.com/?q=-7.329819,110.495673"
isuzu,samarinda,PT. AI-ISUZU SALES OPERATION,"JL. K.H. WAHID HASYIM, Samarinda","http://maps.google.com/?q=-0.456686,117.151953"
isuzu,serang,PT. AI-ISUZU SALES OPERATION,"RUKO SABAR INDAH JL. RAYA SERANG KM 5 NO.14i DESA SERDANG KEC. KRAMATWATU SERANG, Serang, 42616","http://maps.google.com/?q=-6.0365,106.1177"
isuzu,sorong,PT. BORNEO AUTO CEMERLANG,"JL. BASUKI RAHMAT KM. 8 RT. 01 / RW. 08, Sorong","http://maps.google.com/?q=-1.89815,30.095066"
isuzu,sragen,PT. AI-ISUZU SALES OPERATION,"JL. SOLO - SRAGEN KM. 6, SUKOREJO DUYUNGAN, Sragen, 57281","http://maps.google.com/?q=-7.54076,110.81977"
isuzu,subang,PT. AUTO CIPTA KARYA,"JL. RAYA PANTURA KM. 8 DS. KRAJAN. KEL. BATANGSARI. KEC. SUKASARI, Subang","http://maps.google.com/?q=-0.754445,133.813692"
isuzu,tegal,PT. KARYA ZIRANG UTAMA,"JL. CIPTO MANGUNKUSUMO 218A, Tegal","http://maps.google.com/?q=-6.866312,109.132817"
isuzu,tuban,PT. BUANA PERKASA PERMAI,"JL. TEUKU UMAR NO.6, Tuban, 62314","http://maps.google.com/?q=-0.52711,117.10739"
suzuki,bandung,Nusantara Jaya Sentosa Dago,"Jl. Ir. H. Juanda (Dago) No. 75, Bandung","http://maps.google.com/?q=-6.886059,107.613707"
suzuki,bekasi,Trimitra Sejahtera Mobilindo,"Jl. Raya Imam Bonjol No. 106, Bekasi, 17530","http://maps.google.com/?q=-6.273777,107.102604"
suzuki,bogor,Sejahtera Buana Trada - Parung,"Jl. Raya Parung Bogor Blok C No. 49, Bogor, 16330","http://maps.google.com/?q=-6.417815,106.733601"
suzuki,denpasar,Suzuki Puma,"Jl. Cokroaminoto No. 434, Denpasar","http://maps.google.com/?q=-8.617452,115.195403"
suzuki,depok,DUTA CENDANA ADIMANDIRI,"Jl. Cinere Raya No 32, Cinere Depok, Depok","http://maps.google.com/?q=-6.33959,106.780551"
suzuki,jakarta barat,Sun Motor Jakarta,"Jl. Tanjung Duren Raya No. 24, Tanjung Duren, Jakarta Barat, Jakarta Barat, 11470","http://maps.google.com/?q=-6.181154,106.783439"
suzuki,jakarta pusat,Restu Mahkota Karya,"Jl. K.H. Hasyim Azhari No. 11, Jakarta Pusat","http://maps.google.com/?q=-6.165666,106.812345"
suzuki,jakarta selatan,ASR PS Minggu,"Jl. Mujair Raya TB. Simatupang No. 25, Jakarta Selatan","http://maps.google.com/?q=-6.298155,106.833856"
suzuki,jakarta timur,Sejahtera Buana Trada,"Jl. MT. Haryono Kav. 8 Wisma Indomobil I, Jakarta Timur, 13330","http://maps.google.com/?q=-6.24264,106.86311"
suzuki,jakarta utara,Suzuki Kelapa Gading Armada Perkasa Mobilindo,"Jl. Boulevard Barat Blok XC No. C1, Kelapa Gading, RT.15/RW.3, Kelapa Gading Barat, Kelapa Gading, RT.15/RW.3, West Kelapa Gading, Jakarta Utara, 14240","http://maps.google.com/?q=-6.155976,106.895001"
suzuki,makassar,MEGAHPUTRA SEJAHTERA,"Jl. AP. Pettarani No. 114, Makassar, 90222","http://maps.google.com/?q=-5.155348,119.436388"
suzuki,medan,Suzuki Ada Jadi Mobil,"Jl. Gatot Subroto No.18-22, Petisah Tengah, Kec. Medan Bar, Medan, 20231","http://maps.google.com/?q=3.591339,98.671539"
suzuki,palembang,Nusa Sarana Citra Bakti,"Jl. Bangau No. 18, Palembang","http://maps.google.com/?q=-2.967561,104.766151"
suzuki,pekanbaru,Suzuki Sejahtera Buana Trada Jl. Riau Pekanbaru,"Jl. Riau, No 51 - 51 A, Pekanbaru, 28292","http://maps.google.com/?q=0.51487,101.441078"
suzuki,semarang,Sunmotor Indosentra Trada,"Jl. Majapahit No. 567, Semarang, 50246","http://maps.google.com/?q=-7.012365,110.474802"
suzuki,surabaya,Suzuki Sejahtera Buana Trada Manyar Kertoarjo Surabaya,"Jl. Manyar Kertoarjo No 20, Surabaya, 60116","http://maps.google.com/?q=-7.279674,112.762681"
suzuki,surakarta,Solo Indonesia Utama,"Jl. Slamet Riyadi No. 89, Surakarta","http://maps.google.com/?q=-7.564639,110.803658"
suzuki,tangerang,Indomobil Multi Trada,"Jl. Binong Raya No.9 Karawaci, Jl. Raya Binong No.9, Tangerang, Tangerang, 15810","http://maps.google.com/?q=6.2277063,106.5917992"
suzuki,tangerang selatan,CITRA ASRI BUANA,"Jl. RE. Martadinata No. 59, Cipayung, Ciputat, Tangerang Selatan, 15411","http://maps.google.com/?q=-6.329667,106.747883"
suzuki,yogyakarta,Sumber Baru Mobil,"Jl. Magelang 113-177 RT/RW 017/04 Kricak Tegalrejo, Yogyakarta, 55242","http://maps.google.com/?q=-7.774182,110.361192"
suzuki,badung,Top Motor,"Jl. By Pass Ngurah Rai No 53, Nusa Dua, Badung, 80363","http://maps.google.com/?q=-8.780361,115.180092"
suzuki,balikpapan,Samekarindo Indah,"Jl. Soekarno Hatta Km. 3, Blok B 12,13,14 Rt. 13 Somber, Balikpapan","http://maps.google.com/?q=-1.269767,116.836171"
suzuki,banda aceh,Suzuki IJMG Peunayong,"Jl. T. Panglima Polem No. 158-164. Kel. Laksana, Kec. Kuta Alam,, Banda Aceh","http://maps.google.com/?q=5.55888,95.32123"
suzuki,bandar lampung,Persada Lampungraya,"Jl. P. Diponegoro No. 8Bd, Bandar Lampung, 35132","http://maps.google.com/?q=-5.431616,105.261728"
suzuki,bangka tengah,JAGORAWI MOTOR  Bangka,"Jl.Raya Koba, Pangkalan Baru, , Bangka Tengah, 33684","http://maps.google.com/?q=-2.16861,106.13704"
suzuki,banjarmasin,Mitra Megah Profitamas Pemurus Luar,"Jl. A. Yani KM 5.5 No. 1 RT 22 RW 02 Kel. Pemurus Luar, Banjarmasin, 70249","http://maps.google.com/?q=-23.957589,-51.915561"
suzuki,banyuwangi,Sejahtera Buana Trada  Kebalenan,"Jl. Brawijaya No 69 Kebalenan, Banyuwangi, 68417","http://maps.google.com/?q=-8.22997,114.349545"
suzuki,bitung,Sinar Galesong Prima Girian,"Jln. Wolter Monginsidi - Wangurer Girian, Bitung","http://maps.google.com/?q=1.440095,125.130634"
suzuki,blitar,UNITED MOTORS CENTRE - BLITAR,"Jl. Merdeka No. 67A, Blitar, 66117","http://maps.google.com/?q=-7.982147,112.631675"
suzuki,bojonegoro,United Motors Centre Bojonegoro,"Jl. Patimura No. 46 A Bojonegoro, Bojonegoro, 62115","http://maps.google.com/?q=-7.162232,111.872616"
suzuki,bone,MEGAHPUTRA SEJAHTERA - BONE,"Jl. Mt.Haryono Poros Makassar Km.06 Watangpalakka, Bone, 90552","http://maps.google.com/?q=-5.061989,119.525496"
suzuki,bukittinggi,Elang Perkasa Motor,"Jl. Raya Bukittinggi - Padang KM.5 No. 15, Bukittinggi, 26181","http://maps.google.com/?q=-0.346641,100.3841"
suzuki,cilegon,Restu Mahkota Karya,"Jl. Raya Serang Cilegon / KH. Wasid 37, Cilegon, 42426","http://maps.google.com/?q=-5.98347,106.04157"
suzuki,cirebon,CINTA DAMAI PUTRA BAHAGIA - KALIJAGA,"Jl. Kalijaga No. 117, Cirebon, 45113","http://maps.google.com/?q=-6.744439,108.58546"
suzuki,garut,IB MOBIL,"JL.Bratayudha No.20, Garut, 44114","http://maps.google.com/?q=-7.218195,107.909186"
suzuki,gianyar,TOP MOTOR,"Jl. I Gusti Ngurah Rai No. 18, Gianyar","http://maps.google.com/?q=-8.615416,115.254937"
suzuki,gorontalo,NENGGAPRATAMA INTERNUSA,"Jl. Agus Salim No. 1, Gorontalo, Gorontalo, 96136","http://maps.google.com/?q=3.59888,98.66239"
suzuki,gresik,Sejahtera Buana Trada,"Jl. Raya Menganti Sidomulyo No 117, Gresik, 61174","http://maps.google.com/?q=-2.92999,104.7848"
suzuki,jayapura,Surya Megah Kencana,"Jl. Percetakan No. 8 , Jayapura","http://maps.google.com/?q=-2.542015,140.702397"
suzuki,jember,UNITED MOTORS CENTRE - JEMBER,"Jln. Hayam Wuruk No. 4, Jember, 68131","http://maps.google.com/?q=-8.182468,113.67073"
suzuki,karawang,Restu Mahkota Karya Karawang,"Jl. Raya Bedeng No. 147, Rengasdengklok, Karawang, 41352","http://maps.google.com/?q=-2.93031,104.78436"
suzuki,kebumen,Sumberbaru Anekamotor,"Jl. Raya Sruweng No. 1, Kebumen, 54362","http://maps.google.com/?q=-7.67197,109.6237"
suzuki,kediri,PT GARUDA MOTORS CENTRE,"Jl. Brawijaya No. 34, Kediri","http://maps.google.com/?q=-8.594587,116.134951"
suzuki,kendari,Setia Kawan Motor,"Jl. Pattimura No. 58 Kel. Watulondo, Kendari","http://maps.google.com/?q=-3.966177,122.49284"
suzuki,klaten,Solo Indonesia Utama,"Jl. Raya Klaten - Solo KM. 4, Klaten, 57437","http://maps.google.com/?q=-6.27091,106.96988"
suzuki,kolaka,Megahputra Kendari,"Jl. Pemuda Km 7, Kel Lalombaa, Kec, Kolaka, 93511","http://maps.google.com/?q=-4.058352,121.600302"
suzuki,kotamobagu,Sinar Galesong Prima,"Jl. Adampe Dolot, Mogolaing, Kotamobagu, 61321","http://maps.google.com/?q=0.733748,124.304497"
suzuki,kudus,REMAJA ADIDAYA MOTOR - KUDUS,"Jl. Raya Kudus Pati KM. 3, Kudus, 59113","http://maps.google.com/?q=-6.80625,110.89205"
suzuki,kupang,SURYA BATARA MAHKOTA,"Jl. Timor Raya No 1 Kupang, Kupang, 85228","http://maps.google.com/?q=-2.96125,104.68127"
suzuki,kutai kartanegara,Samekarindo Indah,"Jl. Belida, Tenggarong, Kutai Kartanegara","http://maps.google.com/?q=-0.451161,116.99757"
suzuki,lampung selatan,Centre Natar,"Jl. Raya Tanjung Sari No. 313. Ds Tanjung Sari, Lampung Selatan, 45362","http://maps.google.com/?q=-6.897898,107.802672"
suzuki,lampung tengah,PERSADA LAMPUNG RAYA - BANDAR JAYA,"Jln. Proklamantor Raya No. 152 Bandar Jaya, Lampung Tengah, 34161","http://maps.google.com/?q=-4.95175,105.215796"
suzuki,lombok timur,Cakra Mobilindo,"Jl. Raya Masbagik, Bagik Bontong, Selong, Lombok Timur","http://maps.google.com/?q=-8.666228,116.525595"
suzuki,madiun,United Motors Centre Jiwan,"Jl. Raya Solo No. 35, Jiwan, Madiun, 63161","http://maps.google.com/?q=-6.87914,107.63339"
suzuki,magelang,MPJM Tidar Baru,"Jl Jend Sudirman No 68, Magelang, 90113","http://maps.google.com/?q=-7.492702,110.222808"
suzuki,malang,United Motors Centre Dau,"Jl. Raya Sengkaling No. 98, Mulyoagung, Dau, Malang, 65151","http://maps.google.com/?q=-7.918432,112.590195"
suzuki,mamuju,Megahputra Sejahtera,"Jl. Jend. Sudirman, Mamuju, 91512","http://maps.google.com/?q=-2.685173,118.869601"
suzuki,manado,PT SINAR GALESONG PRIMA,"Jl. Pierre Tendean No 9 Boulevard, Manado, 95113","http://maps.google.com/?q=1.47106,124.83179"
suzuki,mataram,PT. Garuda Motors Centre,"Jl. Brawijaya No.34, Pocanan, Kec. Kota Kediri, Mataram, 64123","http://maps.google.com/?q=-7.813556,112.011273"
suzuki,mojokerto,UNITED MOTORS CENTRE - MOJOKERTO,"Jln. Raya Bypass Mojokerto KM. 50, Mojokerto","http://maps.google.com/?q=13.58784,100.35471"
suzuki,palu,Patrako Motor Abadi,"Jl. Emy Saelan No. 45, Palu","http://maps.google.com/?q=49.44448,8.42644"
suzuki,pamekasan,United Motors Centre,"Jl. Raya Sumenep no 99, Pamekasan, 69323","http://maps.google.com/?q=-7.149593,113.509949"
suzuki,pandeglang,Restu Mahkota Karya,"Jl. Raya Labuan KM 4, Cipacung, Pandeglang","http://maps.google.com/?q=-6.327061,106.11693"
suzuki,pasuruan,UNITED MOTORS CENTRE - PASURUAN,"Jl. Wahidin Sudirohusodo No.33, Jawa Timur, Pasuruan, 67126","http://maps.google.com/?q=-7.97967,110.60802"
suzuki,pontianak,DAYA KHARISMA UTAMA,"Jl. Ahmad Yani No. 77, Pontianak, 78111","http://maps.google.com/?q=-1.265333,116.837242"
suzuki,purwakarta,RESTU MAHKOTA KARYA - PURWAKARTA,"Jln. Basuki Rahmat No. 168, Purwakarta, 41112","http://maps.google.com/?q=-6.560527,107.438075"
suzuki,salatiga,SEJAHTERA SUNINDO TRADA - SALATIGA,"Jl. Diponegoro No. 170, Salatiga","http://maps.google.com/?q=-7.28472,110.10481"
suzuki,samarinda,Samekarindo Loa Janan,"Jl. Cipto Mangun Kusumo RT. 09, No. 13-14, Samarinda","http://maps.google.com/?q=-0.528878,117.12255"
suzuki,serang,DWI PERKASA MOBILTAMA - SERANG,"Jl. Raya Cilegon No. 18, Kepandean, Serang, 42115","http://maps.google.com/?q=-5.98283,106.04219"
suzuki,serpong,MOTOREKO MOBILINDO ( 2S ),"Jl. Raya Serpong km. 7 no. 32, Pakualam Serpong, , Serpong, 15320","http://maps.google.com/?q=-6.23951,106.64709"
suzuki,sidoarjo,United Motors Centre Sidoarjo,"Jl. Raya Waru 55, Sidoarjo, Sidoarjo, 61256","http://maps.google.com/?q=-7.349843,112.729823"
suzuki,sragen,Solo Indonesia Utama,"Jl. Raya Sukowati, Sragen","http://maps.google.com/?q=-7.427849,111.019183"
suzuki,subang,Lima Motor,"Jl. Otista No. 104-106, Subang, 41215","http://maps.google.com/?q=-6.569477,107.762815"
suzuki,tabanan,SEJAHTERA INDOBALI TRADA - TABANAN,"Jl. Ir. Soekarno, Kediri, Tabanan, 82121","http://maps.google.com/?q=-8.539347,115.131546"
suzuki,tegal,ARINDO GEDONG JEMBAR,"Jln. Dr. Wahidin Sudirohusodo No. 3, Pesurungan Kidul, Tegal, 52116","http://maps.google.com/?q=-6.870706,109.116751"
toyota,bandung,Merdeka Motor Kiara Condong,"Jl. Terusan Kiara Condong 47, Bandung, 40284","http://maps.google.com/?q=-6.9147444,107.6098111"
toyota,bekasi,Anzon Toyota Tambun,"Jl. Sultan Hasanudin KM.42, No.1 Tambun, Bekasi","http://maps.google.com/?q=-6.249028,106.996952"
toyota,bogor,Auto2000 Bogor Siliwangi,"Jl. Siliwangi 76, Bogor, 16720","http://maps.google.com/?q=-6.556497835,106.7785263"
toyota,denpasar,Auto2000 Denpasar,"Ji. HOS Cokroaminoto Ubung 81, Denpasar, 80116","http://maps.google.com/?q=-6.205970876,106.842391"
toyota,depok,Setiajaya Toyota Depok,"Jl Margonda Pondok Cina Beji   348, Depok, 16424","http://maps.google.com/?q=-6.209,106.849"
toyota,jakarta barat,Auto2000 Slipi,"Jl. Letjen S. Parman Kav. N4, Slipi, Jakarta Barat, 11500","http://maps.google.com/?q=-6.191958,106.796605"
toyota,jakarta pusat,Auto2000 Pramuka,"Jl. Raya Pramuka No.146 Kav. 29 30, Jakarta Pusat, 13120","http://maps.google.com/?q=38.70044,-9.3517"
toyota,jakarta selatan,Plaza Toyota Tendean,"Jl. Kapt. Tendean No. 9A, Jakarta Selatan, 12710","http://maps.google.com/?q=-6.239746,106.827239"
toyota,jakarta timur,Astrido Toyota Klender,"Jl. Pahlawan Revolusi No.9, Klender, Jakarta Timur, 13470","http://maps.google.com/?q=-6.21617,106.900571"
toyota,jakarta utara,Astrido Toyota Bandengan,"Jl. Bandengan Utara 41 A, Jakarta Utara, 14440","http://maps.google.com/?q=-6.136232,106.798897"
toyota,makassar,Hadji Kalla Bulukumba,"Jl. Lanto Dg. No.15, Pasewang, Makassar","http://maps.google.com/?q=-5.551728,120.188862"
toyota,medan,AUTO2000 Amplas,"Jl. Sisingamangaraja Km. 9,8 Amplas, Medan, 20148","http://maps.google.com/?q=3.5325984,98.7068269"
toyota,palembang,Auto2000 Plaju,"Jl. Jend. A. Yani No. 5502, Palembang","http://maps.google.com/?q=-2.990934,104.756556"
toyota,pekanbaru,Agung Automall Pekanbaru I,"Jl. Dr Sutomo   13, Pekanbaru, 28143","http://maps.google.com/?q=0.536291,101.456525"
toyota,semarang,Nasmoco Gombel,"Jl. Setiabudi No. 22, Semarang, 50261","http://maps.google.com/?q=-7.00894,110.470018"
toyota,surabaya,Auto2000 A. Yani,"Jl. Jend. Ahmad Yani No. 210, Surabaya, 60235","http://maps.google.com/?q=-7.2465114,112.7474127"
toyota,surakarta,Nasmoco Slamet Riyadi,"Jl. Slamet Riyadi 558, Surakarta, 57144","http://maps.google.com/?q=-7.397729,111.3871317"
toyota,tangerang,Auto2000 Pondok Jagung,"Jl. Raya Serpong Km. 7, Pondok Jagung, Tangerang, 15310","http://maps.google.com/?q=-8.495994,140.394501"
toyota,tangerang selatan,Tunas Toyota Ciputat,"Jl. Dewi Sartika 187, Ciputat, Tangerang Selatan, 15411","http://maps.google.com/?q=-6.208402709,106.849"
toyota,yogyakarta,Nasmoco Janti,"Jl. Ringroad Timur 58 A Banguntapan Bantul, Yogyakarta, 55198","http://maps.google.com/?q=-6.209,106.849"
toyota,badung,AAM Kuta,"Jl. Sunset Road, Seminyak - Kuta, Badung","http://maps.google.com/?q=-8.689112,115.172025"
toyota,balikpapan,Auto2000 Balikpapan,"Ji. Jend MT Haryono Rt 31 67, Balikpapan","http://maps.google.com/?q=1.117606,103.937509"
toyota,banda aceh,Dunia Barusa Banda Aceh,"Jl. DR. Mr. Teuku H. Muhammad Hasan No. 8, Banda Aceh","http://maps.google.com/?q=5.55,95.316667"
toyota,bandar lampung,Auto2000 Raden Intan,"Jl. Raden Intan 61A, Tanjung Karang, Bandar Lampung","http://maps.google.com/?q=-4.558585,105.406808"
toyota,banjarmasin,Wira Megah Banjarmasin,"Jl. Jen. A. Yani km. 10 No.10 Rt. 2, Kertak Hanyar, Banjarmasin, 70233","http://maps.google.com/?q=-6.209,106.849"
toyota,banyumas,Nasmoco Purwokerto,"Jl. Gerilya Timur No.56, Purwokerto, Banyumas, 53146","http://maps.google.com/?q=-6.856498,109.144438"
toyota,banyuwangi,Auto2000 Banyuwangi,"Jl. S. Parman   28, Banyuwangi","http://maps.google.com/?q=-8.219021,114.369105"
toyota,bengkulu,General Toyota Bengkulu,"Jl. P. Natadirja No. 103, Bengkulu, 38225","http://maps.google.com/?q=-3.8219241,102.2948557"
toyota,bitung,Hasjrat Abadi Bitung,"Jl. Wolter Monginsidi, kel. Girian Weru Dua Kec. Girian - Kota Bitung, Sulawesi Utara, Bitung","http://maps.google.com/?q=1.43944,125.12552"
toyota,blitar,Toyota kartuia sari blitar,"Jl. Raya Dandong Srengat, Kel.Dandong, Kec. Srengat, Blitar, 66152","http://maps.google.com/?q=-8.06327,112.06934"
toyota,bone,Hadji Kalla Bone,"Jl. Sukawati No.36, Watampone, Bone, 92732","http://maps.google.com/?q=-6.208402709,106.8487425"
toyota,bontang,Auto2000 Bontang,"Jl. Brigjen Katamso No. 31, Bontang","http://maps.google.com/?q=0.133333,117.5"
toyota,bukittinggi,AUTO2000 Bukit Tinggi,"Jl. Raya Bukit Tinggi Km. 4, Sumatera Barat, Bukittinggi","http://maps.google.com/?q=-2.95781,104.67713"
toyota,buleleng,Agung Automall Singaraja,"Ji. Ahmad Yani 49, Singaraja, Buleleng, 81151","http://maps.google.com/?q=-8.548332,115.311135"
toyota,cilacap,Nasmoco Cilacap,"Jl. MT Haryono 81, Cilacap, 53222","http://maps.google.com/?q=-7.306551,110.488439"
toyota,cilegon,Tunas Toyota,"JI. Raya Cilegon Km 14, Cilegon, 42422","http://maps.google.com/?q=-6.209,106.849"
toyota,cirebon,Auto2000 Cirebon,"Jl. Brigjen Darsono 14, By Pass, Cirebon, 45135","http://maps.google.com/?q=-8.1870917,113.6596106"
toyota,garut,Budi Jaya Mobilindo,"Jl. Cimanuk 303, Garut, 44151","http://maps.google.com/?q=-6.3430916,108.3352401"
toyota,gianyar,Agung Automall Gianyar,"JI. Dharma Giri Buruan blah batuh, Gianyar, 80581","http://maps.google.com/?q=-6.27286,106.773156"
toyota,gorontalo,PT Hasjrat Abadi,"Jl. Nani Wartabone No. 9A, Gorontalo","http://maps.google.com/?q=0.533333,123.066667"
toyota,gresik,Arina Parama Jaya,"Jl. Raya Veteran Km. 1, Gresik, 61101","http://maps.google.com/?q=-6.209,106.849"
toyota,jambi,General Toyota Jambi,"Ji. Prof Dr Sumantri Brojonegoro  135, Jambi, 36129","http://maps.google.com/?q=-1.611095,103.596249"
toyota,jayapura,Hasjrat Abadi Abepura,"Jl. Raya Abepura Kotaraja, Jayapura","http://maps.google.com/?q=-2.569578,140.525803"
toyota,jember,Auto2000 Jember,"Ji. Hayam Wuruk 34, Jember, 68135","http://maps.google.com/?q=-6.18032928,106.7460032"
toyota,jombang,Auto2000 Jombang,"Jl. Soekarno Hatta, Desa Kepuh Kembang, Jombang, 61481","http://maps.google.com/?q=-7.53767,112.25843"
toyota,karawang,Astrido Toyota Karawang Barat,"Jl. Interchange Karawang Barat RT. 06 RW. 03. No. 1, Karawang","http://maps.google.com/?q=-6.32273,107.337579"
toyota,kediri,Auto2000 Kediri,"Jl. Hasanudin No. 2A, Kediri, 64121","http://maps.google.com/?q=-7.334513707,112.7297473"
toyota,kendari,Hadji Kalla Kendari,"Jl. Ahmad Yani No. 4 Sul-Teng, Kendari","http://maps.google.com/?q=-3.986772,122.50308"
toyota,kolaka,Hadji Kalla Kolaka,"Jl. Pemuda No. 208- Kolaka, Kolaka","http://maps.google.com/?q=-4.073411,121.625595"
toyota,kotamobagu,PT Hasjrat Abadi,"Ji. Datoe Binangkang 17, Kotamobagu, 95711","http://maps.google.com/?q=0.7354007,124.3075652"
toyota,kudus,Surya Indah Motor,"Jl. Raya Kudus - Pati Km. 4, Kudus","http://maps.google.com/?q=-6.809309,110.849331"
toyota,kupang,Hasjrat Abadi Kasuari,"Jalan Cut Nyak Dien, Kel.Haledulaa Utara, Kupang","http://maps.google.com/?q=-10.178757,123.597606"
toyota,kutai kartanegara,Auto2000 Tenggarong,"Jl. Pesut, Timbau Village, Kutai Kartanegara","http://maps.google.com/?q=37.52633,-77.46083"
toyota,labuhan batu,Auto2000 Rantauprapat,"Jl. SM. Raja/ Ahmad Yani Ujung, Labuhan Batu","http://maps.google.com/?q=2.077253,99.854188"
toyota,lampung selatan,Auto2000 Raja Basa,"Jl. Raya Hadji Mena no. 2000, Natar, Lampung Selatan, 35362","http://maps.google.com/?q=-6.260026,107.1145244"
toyota,lampung tengah,Tunas Toyota Bandar Jaya,"Jl. Raya Negara Kel. Seputih Jaya RT 04/02 Kec. Gunung Sugih, Lampung Tengah","http://maps.google.com/?q=-4.558585,105.406808"
toyota,madiun,Auto2000 Madiun,"Jl. HOS Cokroaminoto No.47, Madiun, 63132","http://maps.google.com/?q=-6.209,106.849"
toyota,magelang,Nasmoco Magelang,"Jl. Raya Magelang Yogya Km. 5 Mertoyudan, Magelang, 56172","http://maps.google.com/?q=-7.315476462,112.7544022"
toyota,malang,Auto2000 Malang Soetoyo,"Jl. Letjen Soetojo 25, Malang, 65141","http://maps.google.com/?q=-6.209,106.849"
toyota,mamuju,Hadji Kalla Mamuju,"Jl. Sudirman No. 1, Mamuju","http://maps.google.com/?q=-2.844137,119.232078"
toyota,manado,Hasjrat Abadi Manado I,"Jl. Raya Kombos, Manado, 95233","http://maps.google.com/?q=-6.2080614,106.8491287"
toyota,mataram,Krida Toyota,"Jl. A. Yani Km. 3 - Narmada, Berdais, Mataram","http://maps.google.com/?q=-8.581948,116.116686"
toyota,mojokerto,IMM Toyota Mojokerto,"Jl. Raya by pass Mojokerto km. 47, Mojokerto","http://maps.google.com/?q=-7.468136,112.437064"
toyota,palangka raya,Wira Megah Profitamas,"Jl. Tjilik Riwut km 5 No. 8, Palangka Raya, 73112","http://maps.google.com/?q=-6.209,106.849"
toyota,palopo,Hadji Kalla Palopo,"Jl. Andi Jemma No. 136, Palopo","http://maps.google.com/?q=-2.99102,120.19485"
toyota,palu,Hadji Kalla Palu,"Jl. Ir. H. Juanda 45, Palu, 94112","http://maps.google.com/?q=-6.209,106.849"
toyota,pamekasan,Liek Motor Pamekasan,"Jl. Raya Joko Tole No. 223, Pamekasan","http://maps.google.com/?q=-7.158255,113.465704"
toyota,pasuruan,AUTO2000 Pasuruan,"Pasuruan, 67135","http://maps.google.com/?q=-7.6300303,112.8779186"
toyota,pekalongan,Nasmoco Pekalongan,"Jl. Raya Kalibanger Km. 3, Pekalongan, 51129","http://maps.google.com/?q=-6.974716,110.419263"
toyota,pematang siantar,Sutan Indo Aneka Mobil,"Jl. Medan Km. 2,8, Pematang Siantar","http://maps.google.com/?q=2.970042,99.068167"
toyota,pontianak,Anzon Autoplaza,"Jl. Jend. Achmad Yani No.89, Pontianak, 78123","http://maps.google.com/?q=-6.209,106.849"
toyota,purwakarta,Auto2000 Purwakarta,"Jl. Veteran RT 05/02 Ciseureuh, Purwakarta","http://maps.google.com/?q=-6.538681,107.44994"
toyota,salatiga,Nasmoco Salatiga,"Jl. P. Diponegoro 171, Salatiga, 50715","http://maps.google.com/?q=-7.797224,110.368797"
toyota,samarinda,Auto2000 Samarinda,"Jl. Wahid Hasyim, No. 99, Sempaja, Samarinda","http://maps.google.com/?q=-0.502106,117.153706"
toyota,serang,Auto2000 Serang,"Jl. Raya Pandeglang KM 6,Kampung Kramat RT 5 RW 2 Desa Sukajaya, Kec Curug, Serang","http://maps.google.com/?q=-6.129644,106.158806"
toyota,serpong,Plaza Toyota Serpong,"Jl. Raya Boulevard M5/11, Gading Serpong, Kelapa Dua, Serpong, 12270","http://maps.google.com/?q=-6.320138,106.665599"
toyota,sidoarjo,Asri Motor,"Ji. Jenggolo 52, Sidoarjo, 61219","http://maps.google.com/?q=-6.209,106.849"
toyota,sorong,PT Hasjrat Abadi,"Jl. Jend. Ahmad Yani No.16A, Sorong, 98416","http://maps.google.com/?q=-4.3545042,139.3653149"
toyota,subang,Wijaya Toyota Subang,"Jl. Raya Pemanukan Km 2.5, Pemanukan, Subang","http://maps.google.com/?q=-6.571589,107.758732"
toyota,tabanan,Agung Toyota Tabanan,"Jl. Hero No. 13, Tabanan","http://maps.google.com/?q=48.32004,16.0598"
toyota,tasikmalaya,Sinar Mas Tasikmalaya,"Jl. KH Mustofa No. 294, Cihideung, Tasikmalaya , Tasikmalaya, 46125","http://maps.google.com/?q=-7.338632,108.217931"
toyota,tegal,Nasmoco Tegal,"Jl. Martoloyo No. 113-115, Tegal, 52121","http://maps.google.com/?q=-6.209,106.849"
toyota,tuban,Auto2000 Tuban,"Jl. Wahidin Sudiro Husodo No. 16, Tuban, Tuban, 62314","http://maps.google.com/?q=-6.209,106.849"
toyota,wonosobo,Nasmoco Wonosobo,"Jl. Raya Banyumas KM 3, Selomerto, Wonosobo","http://maps.google.com/?q=-7.355577,109.913959"
honda,bandung,Honda Bandung Center,"Jl. Cicendo No. 18, Bandung, 40117","http://maps.google.com/?q=-6.9091564,107.61051"
honda,bekasi,Honda Cibubur,"Jl. Raya Alternatif Cibubur Cileungsi No. 38, Bekasi, 17435","http://maps.google.com/?q=-6.379176,106.9218858"
honda,bogor,Honda Mandiri Bogor,"Jl. Raya Pajajaran No. 27, Bogor, 16143","http://maps.google.com/?q=-6.6069198,106.8091809"
honda,denpasar,Honda Denpasar Agung,"Jl. Hayam Wuruk No. 40, Denpasar, 80233","http://maps.google.com/?q=-8.632321,115.2155933"
honda,depok,Honda Arista Depok,"Jl. Margonda Raya No. 368 A, Depok, 16423","http://maps.google.com/?q=-6.3821359,106.8281623"
honda,jakarta barat,HONDA IKM DAAN MOGOT,"Jl. Daan Mogot No. 6, Jakarta Barat, 11460","http://maps.google.com/?q=-6.162017,106.773752"
honda,jakarta pusat,HONDA IKM HASYIM ASHARI,"Jl. K.H Hasyim Ashari No. 24, Jakarta Pusat, 10130","http://maps.google.com/?q=-6.165312,106.811554"
honda,jakarta selatan,Honda Pondok Pinang,"Jl. Ciputat Raya No. 80, Pondok Pinang Kebayoran Lama, Jakarta Selatan, 12310","http://maps.google.com/?q=-6.27039,106.775636"
honda,jakarta timur,Honda Arista Jatinegara,"Jl. Jatinegara Barat No. 151, Jatinegara, Jakarta Timur","http://maps.google.com/?q=-6.220783,106.865552"
honda,jakarta utara,HONDA AUTOLAND,"Jl. Raya Boulevard Barat XB No. 1-2 Kelapa Gading, Jakarta Utara, 14250","http://maps.google.com/?q=-6.15755,106.89969"
honda,makassar,Honda Makassar Indah,"Jl. G. Bawakaraeng No. 85, Makassar, 90157","http://maps.google.com/?q=-5.1358723,119.4150239"
honda,medan,Honda IDK 1,"Jl.Glugur By Pass No. 85, Medan, 20114","http://maps.google.com/?q=3.6044065,98.6586835"
honda,palembang,Honda Union Motor,"Jl. Jend A Yani No. 1, RT. 14 KeL. 8 Ulu, Kec. Seberang Ulu I, Palembang, 30252","http://maps.google.com/?q=-2.99906,104.77112"
honda,pekanbaru,HONDA SOEKARNO HATTA,"Jl. Soekarno Hatta No. 168, Pekanbaru, 28291","http://maps.google.com/?q=0.526898,101.4202354"
honda,semarang,Honda Gajah Mada,"Jl. Gajah Mada No. 142 A, Semarang, 50135","http://maps.google.com/?q=-6.9816186,110.4247192"
honda,surabaya,Honda Surabaya Center,"Jl. Jend. Basuki Rahmat No. 33 – 37, Surabaya, 60271","http://maps.google.com/?q=-7.2658404,112.7409505"
honda,surakarta,Honda Solo Baru,"Jl. Ir. Soekarno No. 168, Surakarta, 57552","http://maps.google.com/?q=-7.60866,110.811907"
honda,tangerang,Honda Trimegah BSD,"Jl. Pahlawan Seribu, Commercial Business District Lot VIII No. 1 BSD, Tangerang, 15322","http://maps.google.com/?q=-6.16,106.639347"
honda,tangerang selatan,Honda Pondok Cabe,"Jl. Cabe Raya No.88, Pondok Cabe, Tangerang Selatan, 15418","http://maps.google.com/?q=-6.3456659,106.754734"
honda,yogyakarta,Honda Tugu,"Jl. HOS Cokroaminoto No. 157 A, Yogyakarta, 55244","http://maps.google.com/?q=-7.7874203,110.3534531"
honda,balikpapan,HONDA NUSANTARA BALIKPAPAN,"Jl. Ruhui Rahayu No.1 Ring Road, Balikpapan, 76114","http://maps.google.com/?q=-1.24247,116.89304"
honda,bandar lampung,Honda Lampung Raya,"Jl. Raden Intan No. 168, Bandar Lampung, 35117","http://maps.google.com/?q=-5.4046821,105.240691"
honda,banjarmasin,HONDA TRIO MOTOR,"Jl. Ahmad Yani Km. 7,2 No.168A, Kertak Hanya, Banjarmasin, 70654","http://maps.google.com/?q=-3.332473,114.619457"
honda,banyumas,Honda Istana Carindo,"Jl. S. Parman No. 1551, Purwokerto, Banyumas, 53141","http://maps.google.com/?q=-7.4329267,109.2439279"
honda,banyuwangi,HONDA ISTANA BANYUWANGI,"Jl. Raya Banyuwangi - Jember KM. 7 No. 88, Kelurahan Dadapan, Kecamatan Kabat, Kabupaten, Banyuwangi, 68461","http://maps.google.com/?q=-8.26085,114.33532"
honda,bengkulu,HONDA ARISTA BENGKULU,"Jl. Adam Malik RT. 001 RW. 01, Kel. Pagar Dewa, Kec. Selebar Bengkulu , Bengkulu, 38211","http://maps.google.com/?q=-3.838368,102.313577"
honda,cirebon,Honda Mulya Putra,"Jl. Brigjend. Dharsono No. 8 Cirebon, Cirebon","http://maps.google.com/?q=-6.736887,108.542286"
honda,garut,HONDA STAR MOTOR (CAB. GARUT ),"Jl. Otista No. 127, RT02/RW07, Garut, 44151","http://maps.google.com/?q=-3.838368,102.313577"
honda,gorontalo,HONDA NENGGA MOBILINDO,"Jl. Dr. H. Medi Botutihe No. 44, Kel. Heledulaa Selatan, Kec. Kota Timur , Gorontalo, 96114","http://maps.google.com/?q=0.538587,123.071491"
honda,gresik,HONDA MITRA GRESIK,"Jl. Dr. Wahidin Sudirohusodo No. 702A, Kel. Kembangan, Kec, Gresik, 61121","http://maps.google.com/?q=-7.16636,112.60741"
honda,jambi,Honda Wiltop Jambi,"Jl. Prof. Soemantri Brojonegoro, No. 8, Kel. solok sipin, Kec. Telanaipura, Jambi, 36121","http://maps.google.com/?q=-1.60748,103.5986"
honda,jayapura,Honda Mitra Jayapura,"Jl. Ardipura III, RT. 001/ RW. 006 Kel. Ardipura, Kec, Jayapura, 99222","http://maps.google.com/?q=-2.55531,140.70363"
honda,jember,Honda Istana Jember,"Jl. Hayam Wuruk No. 187-189, Jember, 68136","http://maps.google.com/?q=-8.186398,113.661447"
honda,karawang,Honda Kumala Karawang,"Jl. Arteri Interchange Tol Karawang Barat , Karawang, 41361","http://maps.google.com/?q=-6.30973,107.27521"
honda,kediri,Honda Pacific Motor,"Jl. Mayor Bismo No. 90, Kediri, 64121","http://maps.google.com/?q=-7.79313,112.00999"
honda,kendari,HONDA CAHAYA GRATIA,"Jl. Laode Hadi By Pass No. 8, Kelurahan Bonggoeya, Kecamatan Wua-Wua, , Kendari, 93116","http://maps.google.com/?q=-4.007852,122.508631"
honda,klaten,HONDA PERKASA KLATEN,"Jl.Raya Jogja - Solo No.168 Tangkisan Pos  Jogonalan, Klaten, 57425","http://maps.google.com/?q=-7.733617,110.543183"
honda,kudus,Honda Kudus Jaya,"Jl. Lingkar Selatan No. 168 (Timur Terminal), Kudus","http://maps.google.com/?q=-6.037438,106.021675"
honda,lampung selatan,HONDA ARISTA RAJABASA,"Jl. Raya Hajimena No. 99 RT. 010 RW. 04, Kel. Hajimena, Kec. Natar Lampung Selatan, Lampung Selatan, 35362","http://maps.google.com/?q=-5.354912,105.228256"
honda,magelang,Honda Tunas Jaya,"Jl. Soekarno Hatta No. 9 AB, Magelang, 56125","http://maps.google.com/?q=-7.960367,112.6369055"
honda,malang,Honda Mandalasena,"Jl. Letjen Sutoyo No. 75, Malang, 65141","http://maps.google.com/?q=1.492947,124.867059"
honda,manado,Honda Martadinata,"Jl. RE. Martadinata No. 38, Manado, 95127","http://maps.google.com/?q=-8.5855946,116.0857155"
honda,mataram,Honda Naga Motor,"Jl. Dr. Sujono Km 3.7 Lingkar Selatan - Mataram, Mataram, 83114","http://maps.google.com/?q=-7.000107,107.855395"
honda,mojokerto,Honda Mitra Mojokerto,"Jl. Raya Bypass Mojokerto KM. 50, Mojokerto","http://maps.google.com/?q=-2.982927,120.183051"
honda,palopo,TUNAS DWIPA MATRA,"JL. DR. RATULANGI NO. 128, Palopo, 91913","http://maps.google.com/?q=-1.7555339,120.0202964"
honda,palu,Honda Balindo,"Jl. Sultan Hassanudin No. 80, Palu, 94112","http://maps.google.com/?q=-6.9031901,109.6916636"
honda,pekalongan,Honda Pekalongan Motor,"Jl. Dr.Sutomo No.168, Pekalongan, 51129","http://maps.google.com/?q=-0.060454,109.353716"
honda,pontianak,Honda Daya Motor,"Jl. A. Yani No. 115, Pontianak","http://maps.google.com/?q=-0.826916,117.24224"
honda,purwakarta,HONDA KUMALA KARAWANG (CAB. PURWAKARTA ),"Jl. Ahmad Yani No. 165, RT10/RW02, Purwakarta","http://maps.google.com/?q=-7.3138701,110.492598"
honda,salatiga,Honda Salatiga Jaya,"Jl. Diponegoro No. 112, Salatiga, 50714","http://maps.google.com/?q=-0.3943025,117.1588277"
honda,samarinda,Honda Semoga Jaya,"Jl. Antasari No. 20, Samarinda, 75127","http://maps.google.com/?q=-6.09493,106.13349"
honda,serang,Honda Auto Serang,"Jl. Raya Serang Cilegon No. 517 RT.03/RW.15, Kel. Drangong, Kec, Serang, 42162","http://maps.google.com/?q=-7.4420449,112.7198275"
honda,sidoarjo,Honda Graha,"Jl. Jenggolo No.10, Sidoarjo, 61219","http://maps.google.com/?q=-6.677333,107.6825"
honda,subang,HONDA BANDUNG CENTER (CAB. SUBANG ),"Jl. Otista No. 298, RT48/RW06, Subang","http://maps.google.com/?q=-7.3438696,108.1843756"
honda,tasikmalaya,Honda Star Motor,"Jl. Ir. H. Juanda, Tasikmalaya, 46182","http://maps.google.com/?q=3.36344,99.166899"
honda,tebing tinggi,Honda Martadinata 2,"Jl. KL Yos Sudarso No.88 Kecamatan Paal Dua Atas, Tebing Tinggi","http://maps.google.com/?q=-6.8568195,109.1454835"
honda,tegal,Honda Tegal Raya,"Jl. Martoloyo No 109 – 111, Tegal, 52121","http://maps.google.com/?q=-6.918636,107.58635"
mitsubishi,bandung,PT. SURYAPUTRA SARANA SUDIRMAN,"Jl. Jend. Sudirman No. 776 - 778, Bandung","http://maps.google.com/?q=-6.245736,107.008234"
mitsubishi,bekasi,PT. SUN STAR PRIMA MOTOR CAMAN,"Jl. Raya KH. Noer Ali No. 43, Bekasi, 17136","http://maps.google.com/?q=-6.617449,106.816538"
mitsubishi,bogor,PT. PRABU PENDAWA MOTOR,"Jl. Pajajaran No. 20, Bogor","http://maps.google.com/?q=-8.133423,113.21448"
mitsubishi,denpasar,PT Bumen Redja Abadi,"Jl. Imam Bonjol No. 375-R, Denpasar","http://maps.google.com/?q=-6.334942,106.782516"
mitsubishi,depok,PT NUSANTARA BERLIAN MOTOR,"Jl.Cinere Raya No. 18, Depok, 16514","http://maps.google.com/?q=-6.147362,106.794547"
mitsubishi,jakarta barat,PT. Bumen Redja Abadi Latumenten,"Jl. Prof. Dr. Latumenten No. 5, Jakarta Barat","http://maps.google.com/?q=-6.156141,106.810069"
mitsubishi,jakarta pusat,PT. LAUTAN BERLIAN UTAMA MOTOR,"Jl. KHM. Mansyur No. 48 52 Jembatan Lima, Jakarta Pusat","http://maps.google.com/?q=-6.228585,106.84661"
mitsubishi,jakarta selatan,PT. Bumen Redja Abadi Tebet,"Jl. Dr. Saharjo No. 321, Jakarta Selatan","http://maps.google.com/?q=-6.220663,106.923721"
mitsubishi,jakarta timur,PT. Dwindo Berlian Samjaya - Raden Inten,"Jl. Radin Inten II No. 2, Jakarta Timur, 13960","http://maps.google.com/?q=-6.13802,106.878019"
mitsubishi,jakarta utara,PT Srikandi Diamond Motors - Sunter,"Jl. Danau Sunter Utara Blok B/14, Jakarta Utara, 14350","http://maps.google.com/?q=-5.130855,119.416528"
mitsubishi,makassar,PT. BOSOWA BERLIAN MOTOR,"Jl. Jend Urip Sumoharjo No. 266, Makassar","http://maps.google.com/?q=3.58161,98.626569"
mitsubishi,medan,PT. Sardana IndahBerlian Motor,"Jl. Jend. Gatot Subroto No. 437, Medan","http://maps.google.com/?q=-2.993984,104.780531"
mitsubishi,palembang,PT. LAUTAN BERLIAN UTAMA MOTOR,"Jl. A. Yani No. 17 RT 20/13 Ulu, Palembang","http://maps.google.com/?q=0.467309,101.418148"
mitsubishi,pekanbaru,PT. SUKA FAJAR,"Jl. Soekarno Hatta No. 140 (d/h Jl. Arengka), Pekanbaru","http://maps.google.com/?q=-6.966667,110.416667"
mitsubishi,semarang,PT. BUMEN REDJA ABADI,"Jl. R.E. Martadinata F1 Arteri Puri Anjasmoro, Semarang","http://maps.google.com/?q=-7.26424,112.745579"
mitsubishi,surabaya,PT. MURNI BERLIAN MOTORS,"Jl. Demak No. 172, Surabaya","http://maps.google.com/?q=-7.566667,110.816667"
mitsubishi,surakarta,PT. SUN STAR MOTOR,"Jl. Kolonel Sutarto No. 19, Surakarta","http://maps.google.com/?q=-6.291212,106.665848"
mitsubishi,tangerang,PT Bumen Redja Abadi,"Jl. Pahlawan Seribu, Sektor VI Blok 201 Kav. No. 3A & 5, Serpong, BSD City,, Tangerang","http://maps.google.com/?q=-6.290329,106.665384"
mitsubishi,tangerang selatan,PT. Bumen Redja Abadi Serpong,"Jl.  Pahlawan Seribu No.5 , Tangerang Selatan, 15320","http://maps.google.com/?q=-7.787684,110.431761"
mitsubishi,yogyakarta,PT. Borobudur Oto Mobil,"Jl. L. Adisucipto Km 7.3, Yogyakarta","http://maps.google.com/?q=-8.409518,115.188916"
mitsubishi,badung,PT Sun Star Motor,"Jl. Gatot Subroto No. 100 Lingk. Batu Culung Kerobokan Kaja Kuta Utara, Badung","http://maps.google.com/?q=-1.269767,116.836171"
mitsubishi,balikpapan,PT. Mandau Berlian Sejati,"Jl. MT. Haryono 36 Km. 5, Balikpapan","http://maps.google.com/?q=5.535831,95.342002"
mitsubishi,banda aceh,PT. Bintang Perkasa Indah Motors,"Jl. Raya Banda Aceh Km 35 Cot Mesjid, Banda Aceh","http://maps.google.com/?q=-5.448811,105.261939"
mitsubishi,bandar lampung,PT. LAUTAN BERLIAN UTAMA MOTOR,"Jl. Tenggiri No. 21, Bandar Lampung","http://maps.google.com/?q=-3.316694,114.59011"
mitsubishi,banjarmasin,PT. Sumber Berlian Motors,"Jl. A. Yani Km. 103 No. 01, Banjarmasin","http://maps.google.com/?q=-7.431391,109.24783"
mitsubishi,banyumas,PT. SINAR BERLIAN AUTO GRAHA,"Jl. Gerilya Timur No. 103, Purwokerto, Banyumas","http://maps.google.com/?q=-7.536064,112.238402"
mitsubishi,banyuwangi,PT. Mayangsari Berlian Motor,"Jl. Yos Sudarso No. 69A, Banyuwangi","http://maps.google.com/?q=-3.797686,102.266576"
mitsubishi,bengkulu,PT. LAUTAN BERLIAN UTAMA MOTOR,"Jl. S. Parman No. 61 (Padang Jati), Bengkulu","http://maps.google.com/?q=-7.536064,112.238402"
mitsubishi,blitar,PT. SUN STAR MOTOR,"Jl. Cempaka No. 21, Blitar","http://maps.google.com/?q=-7.1901,111.919"
mitsubishi,bojonegoro,PT SRIKANDIDIAMOND INDAH MOTORS,"Jl. Sukowati No.230A, Bojonegoro, 62181","http://maps.google.com/?q=-5.188355,122.487602"
mitsubishi,bone,PT. BOSOWA BERLIAN MOTOR,"Jl. A. Yani No. 2, Bone","http://maps.google.com/?q=-0.305556,100.369167"
mitsubishi,bukittinggi,PT. Andalas Berlian Motors,"Jl. Kapas Panji Km. 3, Bukittinggi","http://maps.google.com/?q=-8.116611,115.083952"
mitsubishi,buleleng,PT Sun Star Motor,"Jl. Jend. A. Yani No. 178, Singaraja, Buleleng","http://maps.google.com/?q=-7.727989,109.005909"
mitsubishi,cilacap,PT. TEJA BERLIAN,"Jl. Jend. Sudirman No. 12A, Cilacap","http://maps.google.com/?q=-6.028282,106.074089"
mitsubishi,cilegon,PT. Setiakawan MenaraMotor,"Jl. Raya Cilegon No. 101, Cilegon","http://maps.google.com/?q=-6.308659,107.301631"
mitsubishi,cirebon,PT. SURYAPUTRA SARANA TUPAREV,"Jl. Tuparev No. 62A, Cirebon","http://maps.google.com/?q=-7.227906,107.908699"
mitsubishi,garut,PT. SRIKANDIDIAMOND CEMERLANG MOTORS,"Jl. KH. Ahmad Sanusi No. 33, Garut","http://maps.google.com/?q=-7.227906,107.908699"
mitsubishi,gianyar,PT. BUMEN REDJA ABADI,"Jl. Raya Dharma Giri, Gianyar","http://maps.google.com/?q=-8.550198,115.34302"
mitsubishi,gorontalo,PT. Sinar Gorontalo Berlian Motor,"Jl. H. Agus Salim No. 28 (d/h Jl. R.A. Kartini No. 28), Gorontalo","http://maps.google.com/?q=0.548463,123.078277"
mitsubishi,gresik,PT. SRIKANDIDIAMOND INDAH MOTORS,"Jl. Raya Veteran 150, Gresik","http://maps.google.com/?q=-7.156576,112.655475"
mitsubishi,jambi,PT. Kerinci Permata Motors,"Jl. Kol. Abunjani No. 10 Simpang III Sipin, Jambi","http://maps.google.com/?q=-1.59,103.61"
mitsubishi,jayapura,PT. Tato Sakti,"Jl. Percetakan No. 104, Jayapura","http://maps.google.com/?q=-6.323263,106.868876"
mitsubishi,jember,PT. Mayangsari Berlian Motor,"Jl. Gajah Mada No. 224 A, Jember","http://maps.google.com/?q=-8.184486,113.668075"
mitsubishi,karawang,PT. SRIKAN DIDIAMOND MOTORS Jend. A. Yani,"Jl. Jend. A. Yani No. 34-35, Cikampek, Karawang","http://maps.google.com/?q=-6.574715,106.802922"
mitsubishi,kebumen,PT. BUMEN REDJA ABADI,"Jl. Tentara Pelajar No. 94 PO Box 11, Kebumen","http://maps.google.com/?q=-7.679942,109.681787"
mitsubishi,kediri,PT. SUN STAR MOTOR,"Jl. Semeru Kav. II-IV, Kediri","http://maps.google.com/?q=-7.816611,112.011917"
mitsubishi,kendari,PT. BOSOWA BERLIAN MOTOR,"Jl. A. Yani Kec. Uwa-Uwa No. 221, Kendari","http://maps.google.com/?q=-3.972201,122.514903"
mitsubishi,klaten,PT. SUN STAR MOTOR,"Jl. Soeradi Tirtonegaro Dukuh Ngadirejo RT.4 RW.02 Somopuro Jogonalan, Klaten","http://maps.google.com/?q=-7.69165,110.612548"
mitsubishi,kudus,PT. SUN STAR MOTOR,"Jl. AKBP Kusumadya No. 62, Kudus","http://maps.google.com/?q=-6.809309,110.849331"
mitsubishi,kupang,PT. BOSOWA BERLIAN MOTOR,"Jl. Tim Tim 51, Kupang","http://maps.google.com/?q=-10.178757,123.597606"
mitsubishi,kutai kartanegara,PT. MAHAKAM BERLIAN SAMJAYA,"Jl. Tenggarong - Samarinda, Teluk Dalam, Tenggarong Seberang,, Kutai Kartanegara","http://maps.google.com/?q=-0.42864,117.02787"
mitsubishi,kutai timur,MAHAKAM BERLIAN SAMJAYA,"Jl. Soekarno-Hatta RT. 22, Singa Gembara, Sangatta Utara, Sangatta, , Kutai Timur","http://maps.google.com/?q=0.58849,117.58228"
mitsubishi,labuhan batu,PT. Sardana IndahBerlian Motor,"Jl. H.M. Said - Lintas Sumatera Arah Sigambal Rantau Prapat, Labuhan Batu","http://maps.google.com/?q=3.597693,98.684267"
mitsubishi,lampung selatan,PT. Budi Berlian Motor H. Mena,"Jl. Raya H. Mena Km. 15 Natar, Lampung Selatan","http://maps.google.com/?q=-5.323345,105.199766"
mitsubishi,lampung tengah,PT. LAUTAN BERLIAN UTAMA MOTOR,"Jl. Soekarno-Hatta Seputih Jaya Bandar Jaya, Lampung Tengah","http://maps.google.com/?q=-4.948499,105.212503"
mitsubishi,lumajang,PT. SUN STAR MOTOR,"Jl. Raya Probolinggo - Wonorejo, Lumajang","http://maps.google.com/?q=-8.134774,113.23349"
mitsubishi,madiun,PT. Prabasonta Berlian Motor,"Jl. Jend. Urip Sumoharjo No. 68, Madiun","http://maps.google.com/?q=-7.62386,111.534906"
mitsubishi,magelang,PT. BUMEN REDJA ABADI,"Jl. Mayjen Bambang Soegeng No. 7, Magelang","http://maps.google.com/?q=-7.46398,110.222427"
mitsubishi,malang,PT. SUN STAR MOTOR,"Jl. Panglima Sudirman No. 183 Singosari, Malang","http://maps.google.com/?q=-7.536064,112.238402"
mitsubishi,manado,PT. BOSOWA BERLIAN MOTOR,"Jl. Kairagi No. 36 Kec. Dimembe, Manado","http://maps.google.com/?q=1.501568,124.89069"
mitsubishi,mataram,PT. Berlian Cahaya Bima,"Jl. Selaparang No. 168 Cakranegara Mataram, Mataram","http://maps.google.com/?q=-8.587493,116.131895"
mitsubishi,mojokerto,PT. SRIKANDIDIAMOND INDAH MOTORS,"Jl. Ahmad Basuni No. 15 Sooko, Mojokerto","http://maps.google.com/?q=-7.501525,112.411265"
mitsubishi,padang sidempuan,PT. Sumatera Berlian Motors,"Jl. SM Raja Km. 6 No. 6 Batunadua Hapinis, Padang Sidempuan","http://maps.google.com/?q=3.320484,99.155485"
mitsubishi,palangka raya,PT. MURNI BERLIAN MOTORS,"Jl. Cilik Riwut Km. 45, Palangka Raya","http://maps.google.com/?q=-2.21,113.92"
mitsubishi,palopo,BOSOWA PALOPO,"Jl. Andi Jemma No. 65, , Palopo, 91911","http://maps.google.com/?q=-2.99102,120.19485"
mitsubishi,palu,PT. BOSOWA BERLIAN MOTOR,"Jl. RA. Kartini No. 51, Palu","http://maps.google.com/?q=1.089236,103.966567"
mitsubishi,pasuruan,BUMEN REDJA ABADI,"Jl. Raya Arjosari, , Pasuruan","http://maps.google.com/?q=-7.69142,112.96729"
mitsubishi,pekalongan,PT. ESA SAGARA AUTOTARA,"Jl. Dr. Sutomo No. 149, Pekalongan","http://maps.google.com/?q=-6.896143,109.675835"
mitsubishi,pontianak,PT. GEMILANG BERLIAN INDAH,"Jl. A. Yani II, Pontianak","http://maps.google.com/?q=-0.090807,109.372777"
mitsubishi,purwakarta,SRIKANDI PURWAKARTA,"Jl. Raya Purwakarta - Bandung, Mekargalih, Jatiluhur, , Purwakarta, 41152","http://maps.google.com/?q=-6.57378,107.43737"
mitsubishi,salatiga,PT. SUN STAR MOTOR,"Jl. Jend Sudirman No. 213, Salatiga","http://maps.google.com/?q=-7.33683,110.498817"
mitsubishi,samarinda,PT. Mahakam Berlian Samjaya,"Jl. Cipto Mangunkusumo No. 9 A, Samarinda","http://maps.google.com/?q=-0.556247,117.086492"
mitsubishi,serang,PT. Setiakawan MenaraMotor,"Jl. Daan Mogot No. 36, Serang","http://maps.google.com/?q=-6.123261,106.156165"
mitsubishi,serpong,BRA SERPONG,"Jl. Pahlawan Seribu, Sektor VI Blok 201 Kav. No. 3A & 5, Serpong, BSD City, , Serpong","http://maps.google.com/?q=-6.291212,106.66585"
mitsubishi,sidoarjo,PT. BUMEN REDJA ABADI,"Jl. Raya Candi No. 2, Sidoarjo","http://maps.google.com/?q=-7.458016,112.750966"
mitsubishi,sorong,PT. Tato Sakti,"Jl. Basuki Rahmat Km. 9, Sorong","http://maps.google.com/?q=-0.896558,131.319427"
mitsubishi,sragen,PT. SUN STAR MOTOR,"Jl. Raya Sukowati Km. 2, Sragen","http://maps.google.com/?q=-7.430091,111.008929"
mitsubishi,subang,SRIKANDI SUBANG,"Jl. Otto Iskandar Dinata No. 314,, Subang","http://maps.google.com/?q=-6.91954,109.6947"
mitsubishi,tabanan,PT. BUMEN REDJA ABADI,"Jl. Yudistira No. 21 Dsn. Megati Kelod Ds. Megati Kec. Selemadeg, Tabanan","http://maps.google.com/?q=-8.120636,115.093866"
mitsubishi,tasikmalaya,PT. DAHANA BERLIAN MOTOR,"Jl. HZ. Mustofa No. 347, , Tasikmalaya","http://maps.google.com/?q=-7.30183,108.19318"
mitsubishi,tegal,PT. MatahariBerlian Motor,"Jl. Kapten Sudibyo No. 125, Tegal","http://maps.google.com/?q=-6.858847,109.104766"
mitsubishi,tuban,PT. SRIKANDIDIAMOND INDAH MOTORS,"Jl. Letda Sucipto No. 88 Modokan, Tuban","http://maps.google.com/?q=-6.9,112.05"
mitsubishi,wonosobo,PT. SUN STAR MOTOR,"Jl. Raya Banjarnegara Km. 16, Wonosobo","http://maps.google.com/?q=-7.355577,109.913959"
daihatsu,bandung,Astra Daihatsu  Setiabudi Bandung,"Jl. Dr. Setiabudhi No. 176 RT.004 RW.05, Bandung, 40141","http://maps.google.com/?q=-6.866644,107.59387"
daihatsu,bekasi,Astra Daihatsu Harapan Indah,"Kawasan Kota Harapan Indah, Jl. Boulevard Raya kav commercial park I, No 9C, Kel Medan Satria, Bekasi, 17132","http://maps.google.com/?q=-6.184717,106.97508"
daihatsu,bogor,Astra Daihatsu Tajur,"JL Raya Tajur no. 255 , Bogor","http://maps.google.com/?q=-6.647284,106.842674"
daihatsu,denpasar,Astra Daihatsu,"Jl. Raya Sesetan No. 210 D-E, Banjar Lantang Bejuh, Kelurahan Sesetan, Denpasar","http://maps.google.com/?q=-8.699982,115.224485"
daihatsu,depok,Armada Auto Tara Daihatsu Depok,"Jl. Margonda Raya No.12, Depok, Depok","http://maps.google.com/?q=-6.376802,106.832669"
daihatsu,jakarta barat,DAW Puri Kembangan,"Jl. Kembangan Raya No. 6B 6C, Kembangan Utara, Jakarta Barat","http://maps.google.com/?q=-6.184598,106.732294"
daihatsu,jakarta pusat,Astra Daihatsu Harmoni,"Jl. Balikpapan No. 8, Jak Pus, Jakarta Pusat","http://maps.google.com/?q=6.170043,106.813629"
daihatsu,jakarta selatan,Tunas Cinere,"Jl. Cinere Raya Blok A No. 1 B 1 C, Cinere, Jakarta Selatan","http://maps.google.com/?q=-6.330495,106.784328"
daihatsu,jakarta timur,Pahlawan Revolusi,"Jl Pahlawan Revolusi No.5, Jakarta Timur","http://maps.google.com/?q=-6.234499,106.897136"
daihatsu,jakarta utara,Asco Semper,"Jl. Kramat Raya Blok F No. 14 A B, Jakarta Utara","http://maps.google.com/?q=-6.186326,106.844552"
daihatsu,makassar,Astra Daihatsu Makassar Panakukang,"JL Pengayoman no 23C-D Panakkukang , Makassar","http://maps.google.com/?q=-5.15835,119.440538"
daihatsu,medan,DAW Medan Ring Road,"Jl. Ring Road, Kel.Tanjung Rejo, Kec, Medan Sunggal No.11, Medan","http://maps.google.com/?q=3.590327,98.627008"
daihatsu,palembang,Astra Daihatsu Prabumulih,"Jl. Jend. Sudirman No. 12 Prabumulih, Palembang","http://maps.google.com/?q=-2.990934,104.756556"
daihatsu,pekanbaru,Astra Daihatsu Pekanbaru Panam,"Jl HR Subrantas No. 23 Km 12 Kec Tampan, Pekanbaru","http://maps.google.com/?q=0.533505,101.447404"
daihatsu,semarang,Astra Daihatsu Semarang Banyumanik,"Jl. Perintis Kemerdekaan no 203 Banyumanik, Semarang","http://maps.google.com/?q=-7.06559,110.412182"
daihatsu,surabaya,Astra Daihatsu Surabaya Pengampon,"Jl. Pengampon No. 67, Surabaya, 60161","http://maps.google.com/?q=-6.72233,108.570942"
daihatsu,surakarta,Mandiri Zirang Utama Solo,"Jl Kol sutarto ruko jebres square no 7-8, Surakarta","http://maps.google.com/?q=-7.560284,110.843184"
daihatsu,tangerang,Tunas Daihatsu Tangerang,"Jl. Raya Daan Mogot Km.23 No. 88, Tanah Tinggi, Tangerang, Tangerang","http://maps.google.com/?q=-6.166275,106.649183"
daihatsu,tangerang selatan,Astra Daihatsu Bintaro,"Kav Blok CBD A1 No. 9 - 10 Sektor 7 Bintaro Jaya, Kelurahan Pondok Jaya,Kecamatan Pondok Aren, Tangerang Selatan","http://maps.google.com/?q=-6.278508,106.72039"
daihatsu,yogyakarta,Astra Daihatsu,"JL Laksda Adi Sucipto KM 8,1 MAGUWOHARJO Depok Sleman , Yogyakarta","http://maps.google.com/?q=-7.767024,110.432167"
daihatsu,badung,Astra Daihatsu Badung Ngurah Rai,"Jl. By Pass Ngurah Rai No.99X, Kel.Kelan, Kec.Kuta, Badung, 80361","http://maps.google.com/?q=-876454,115.17832"
daihatsu,balikpapan,Astra Daihatsu Balikpapan,"Jl. Jend Sudirman no. 57, Balikpapan, Balikpapan","http://maps.google.com/?q=-1.27684,116.83233"
daihatsu,banda aceh,Astra Daihatsu Banda Aceh,"Jl. DR Muhammad Hasan No. 1-2-3A Batoh, Banda Aceh","http://maps.google.com/?q=5.536726,95.330059"
daihatsu,bandar lampung,Astra Daihatsu Lampung,"Jl. A. Yani No. 1, Tanjung karang - Bandar Lampung, Bandar Lampung","http://maps.google.com/?q=-5.42129,105.25475"
daihatsu,bangka tengah,Tri Mandiri Selaras Bangka,"Jalan Koba KM 6 No. 167 RT. 017 RW. 06 KEL. DUL KEC. Pangkalan Baru Kab. Bangka Tengah, Bangka Tengah","http://maps.google.com/?q=-6.139456,106.890868"
daihatsu,banjarmasin,Nusantara Indah Banjarmasin,"Jl. A. Yani Km 4 No. 323, Banjarmasin, Banjarmasin","http://maps.google.com/?q=-3.31438,114.61824"
daihatsu,banyumas,Armada International Motor Purwokerto,"Jl. Gerilya Timur No. 28, Purwokerto, Banyumas","http://maps.google.com/?q=-7.442397,109.230261"
daihatsu,banyuwangi,Asco Daihatsu Banyuwangi,"Jl. S. Parman no. 74, Banyuwangi, 68419","http://maps.google.com/?q=-8.243965,114.351945"
daihatsu,bengkulu,Tunas Bengkulu,"Jl. Pangeran Natadirja Km 7.5, Kelurahan Jalan Gedang, Kecamatan Gading Cempaka, Kota Bengkulu, Bengkulu","http://maps.google.com/?q=-3.821256,102.29735"
daihatsu,bitung,Astra Daihatsu Bitung,"Jl. Walanda Maramis No. 81, Madidir Ureh, Bitung, Bitung","http://maps.google.com/?q=1.44444,125.17275"
daihatsu,blitar,Astra Daihatsu,"Jl Cepaka Kav.2 (Ruko Cepaka), Blitar","http://maps.google.com/?q=-8.094786,112.172828"
daihatsu,bojonegoro,Kharisma Sejahtera Bojonegoro,"Jl. Veteran Ruko CDBB No. 7-8, Bojonegoro","http://maps.google.com/?q=-6.186705,106.808122"
daihatsu,bone,Makasar Raya Motor Bone,"Jl. Jend. A. Yani No. 1, Bone - Watampone, Bone","http://maps.google.com/?q=-5.17862,119.40846"
daihatsu,bontang,Astra Daihatsu,"Jl. Bayangkara No. 13, Km 6, Bontang, Bontang","http://maps.google.com/?q=0.133333,117.5"
daihatsu,bukittinggi,Astra Daihatsu Bukit Tinggi,"Pertokoan Jambu Air Permai No. 134-136 Jl. Raya Kapas Panji KM.3 Jambu Air, Bukittinggi","http://maps.google.com/?q=-0.305556,100.369167"
daihatsu,buleleng,Astra Daihatsu,"Jl. A. Yani no 93BC, Kab. Buleleng, Singaraja, Buleleng","http://maps.google.com/?q=-6.890745,109.638472"
daihatsu,cilacap,Armada International Motor Cilacap,"Jl. Perintis Kemerdekaan Rt.05/01 Kel. Kebonmanis Kec. Cilacap Utara, Cilacap","http://maps.google.com/?q=-7.687827,109.040192"
daihatsu,cilegon,Tunas Cilegon,"Jl. Raya Serang No 17 Kadipaten ( Depan PCI) Cilegon Banten, Cilegon","http://maps.google.com/?q=-6.033447,106.082309"
daihatsu,cirebon,Astra Daihatsu,"Jl. Merdeka Barat No. 76 Ciledug, Cirebon","http://maps.google.com/?q=-6.892904,108.751825"
daihatsu,garut,Tunas Daihatsu,"Jl. Otto Iskandardinata No. 181 Kel. Tarogong Kec. Tarogong Kidul Kab, Garut","http://maps.google.com/?q=-7.175879,107.870235"
daihatsu,gianyar,Astra Daihatsu,"Jl. Br. Blah Tanah Ds. Batuan Sukawati, Gianyar","http://maps.google.com/?q=-8.550198,115.34302"
daihatsu,gorontalo,Astra Daihatsu,"JL. H.NANI WARTABONE NO 43 (ex Jl. A. Yani No 43), Gorontalo","http://maps.google.com/?q=0.533333,123.066667"
daihatsu,gresik,Astra Daihatsu Gresik,"Jl. Raya Veteran, Desa Segoromadu, Kec. Kebomas, Gresik","http://maps.google.com/?q=-7.19252,112.645766"
daihatsu,jambi,Surya Sentosa Jambi,"Jl. Kol. Abun Jani No. 9, Jambi, 36129","http://maps.google.com/?q=-1.613212,103.593301"
daihatsu,jayapura,SMA Jayapura,"Jl Raya Abepura, Kelurahan Entrop, Jayapura Selatan, Jayapura","http://maps.google.com/?q=-2.560397,140.669"
daihatsu,jember,Asco Daihatsu Jember,"Jl. Raya Hayam Wuruk No. 161, Jember, 68131","http://maps.google.com/?q=-6.889114,109.674296"
daihatsu,jombang,Astra Daihatsu Jombang,"JL SUKARNO HATTA, RUKO CEMPAKA MAS A3, JOMBANG, Jombang","http://maps.google.com/?q=-7.537725,112.250927"
daihatsu,karawang,Astra Daihatsu Karawang,"Jalan Galuh Mas Raya Blok CBD, Blok D5, No. 01, Sukaluyu, Teluk Jambe Timur, Karawang, 41361","http://maps.google.com/?q=-6.325464,107.291795"
daihatsu,kebumen,Astra Daihatsu,"Jl.Pahlawan no 127, Kebumen","http://maps.google.com/?q=-7.667249,109.650735"
daihatsu,kediri,Astra Daihatsu Kediri,"Jl. Soekarno Hatta No. 152, Kediri, Kediri","http://maps.google.com/?q=-7.80608,112.03413"
daihatsu,kendari,Makasar Raya Motor Kendari,"Jl. Dr. Moh. Hatta no. 71, Kendari, Kendari","http://maps.google.com/?q=-23.02606,-45.54237"
daihatsu,klaten,Astra Daihatsu Klaten,"Jl. Raya Solo  Yogyakarta km.4, Desa Belangwetan, Kec. Klaten utara Kab. Klaten, Jawa Tengah, Klaten","http://maps.google.com/?q=-7.744943,110.527283"
daihatsu,kolaka,Makasar Raya Motor Kolaka,"Jl. Pramuka No. 45 Kolaka, Kolaka","http://maps.google.com/?q=-3.51945,120.90762"
daihatsu,kotamobagu,Astra Daihatsu Kotamobagu,"Jl. Gatot Subroto Malinau, Kotamobagu","http://maps.google.com/?q=0.733178,124.290594"
daihatsu,kudus,Karya Zirang Utama Kudus,"Jl. AKBP R. Agil Kusumadya no. 22, Kudus","http://maps.google.com/?q=-6.827635,110.831499"
daihatsu,kupang,Prima Parama Mobilindo Kupang,"Jl. Raya Timur Raya No 168, Kupang, Kupang","http://maps.google.com/?q=-1.27684,116.83233"
daihatsu,kutai kartanegara,Astra Daihatsu,"Jl. Pesut, Kelurahan Timbau, Tenggarong, Kutai Kartanegara","http://maps.google.com/?q=-0.439854,116.98919"
daihatsu,kutai timur,Astra Daihatsu,"Jl. Yos Sudarso No. 2, Sangatta, Kutai Timur","http://maps.google.com/?q=0.502328,117.533614"
daihatsu,labuhan batu,Capella Rantau Prapat,"Jl. A. Yani No. 84-86, Rantau Prapat, Labuhan Batu","http://maps.google.com/?q=2.098882,99.831429"
daihatsu,lampung barat,Prima Parama Mobilindo Mataram Cakranegara,"Jl. AA. Gde Ngurah No. 68-70-72, Lombok Barat, Lampung Barat","http://maps.google.com/?q=-8.60179,116.12887"
daihatsu,lampung selatan,Tunas Lampung,"Jl. Raya Hajimena No.999 Natar Kabupaten Lampung Selatan, Lampung Selatan","http://maps.google.com/?q=-5.352541,105.218939"
daihatsu,lampung tengah,Astra Daihatsu Bandar Jaya,"Jl. Proklamator Raya No. 81D, Bandarjaya, Lampung Tengah, Lampung Tengah","http://maps.google.com/?q=-7.02622,109.90751"
daihatsu,lombok timur,Prima Parama Mobilindo,"Jl. PB Sudirman blok BB-15, Komplek PTC, Pancor, Lombok Timur, Lombok Timur","http://maps.google.com/?q=-8.157913,113.443587"
daihatsu,lumajang,ASCO Daihatsu LUMAJANG,"Jl. Slamet Wardoyo No. 4, Lumajang, 67316","http://maps.google.com/?q=-8.135037,113.21312"
daihatsu,madiun,Jolo Motor Madiun,"Jl. Cokroaminoto No.96, Madiun, Madiun","http://maps.google.com/?q=-7.63642,111.51951"
daihatsu,magelang,Armada International Motor Magelang,"Jl.Soekarno Hatta, Tidar, Magelang , Magelang, 56125","http://maps.google.com/?q=-7.500965,110.229674"
daihatsu,malang,Astra Daihatsu Malang Kebon Sari,"Jl Arief Margono No. 25, Malang","http://maps.google.com/?q=-7.985783,112.62413"
daihatsu,mamuju,Jujur Jaya Sakti Mamuju,"Jl. Dipenogoro, Kompleks Ruko Ps. Regional Blok C1/C2, Mamuju","http://maps.google.com/?q=-2.688364,118.877397"
daihatsu,manado,Kharisma Manado,"Jl. Sam Ratulangi No 422 Ruko 16-18, Kel. Ranotana, Kec. Sario, Manado","http://maps.google.com/?q=1.491701,124.842843"
daihatsu,mataram,Prima Parama Mobilindo Mataram Bertais,"Jl. Raya Sandubaya No. 688, Bertais, Mataram, Lombok, Mataram","http://maps.google.com/?q=-8.59323,116.16469"
daihatsu,mojokerto,Astra Daihatsu,"Jl. Gajahmada No. 36, Mojokerto","http://maps.google.com/?q=-7.465433,112.439573"
daihatsu,padang lawas utara,Astra Daihatsu Padang,"Jl. Khatib Sulaiman No. 101 Kel. Ulak Karang, Kec. Padang Utara, Ulak Karang Utara, Padang Utara, Sumatera Barat, 25173, Indonesia, Padang Lawas Utara, 25173","http://maps.google.com/?q=-0.908059,100.353207"
daihatsu,padang sidempuan,Capella Padang Sidempuan,"JL.Sudirman No.8 G, Padang Sidempuan","http://maps.google.com/?q=1.383305,99.266789"
daihatsu,palangka raya,Tri Mandiri Sejati Palangkaraya,"Jl. Tjilik Riyut, km. 7.8 Palangkaraya, Palangka Raya","http://maps.google.com/?q=-3.362797,114.635237"
daihatsu,palopo,Astra Daihatsu Makassar Urip Sumoharjo,"Astra Daihatsu Makassar Urip Sumoharjo, Palopo","http://maps.google.com/?q=-5.13732,119.44096"
daihatsu,palu,Kharisma Sentosa Palu,"Jl. Emi Saelan No. 5, Palu","http://maps.google.com/?q=-0.91411,119.876294"
daihatsu,pamekasan,Karunia Motor Pamekasan,"Jl. Jokotole No. 53, Pamekasan","http://maps.google.com/?q=-7.160371,113.482658"
daihatsu,pandeglang,PT. Pradhana Raya Mobilindo,"Ruko Pandeglang Blok 007 Ps66, Cigadung, Karang Tanjung, Pandeglang","http://maps.google.com/?q=-6.279802,106.110204"
daihatsu,pasuruan,Astra Daihatsu Pasuruan,"Jl. Veteran no.9, Ruko Blok M. 10-11, Pasuruan","http://maps.google.com/?q=-7.646404,112.916336"
daihatsu,pekalongan,Astra Daihatsu Pekalongan,"JL. Dr. Sutomo No.12-14, Pekalongan","http://maps.google.com/?q=2.95534,99.062726"
daihatsu,pematang siantar,Capella Pematang Siantar,"Jln.Medan Km.6 Simpang Karangsari, Pematang Siantar, Pematang Siantar","http://maps.google.com/?q=2.962654,99.070289"
daihatsu,penajam paser utara,Astra Daihatsu,"Jl. Provinsi km.3 Giri Mukti, Penajam Paser Utara","http://maps.google.com/?q=-0.35533,111.753191"
daihatsu,ponorogo,Jolo Motor Ponorogo,"Jl. Jendral Sudirman No. 60, Ponorogo","http://maps.google.com/?q=-7.871931,111.465045"
daihatsu,pontianak,Astra Daihatsu Pontianak Imam Bonjol,"Jl. Imam Bonjol No. 529, Pontianak, Pontianak","http://maps.google.com/?q=-0.04714,109.3546"
daihatsu,purwakarta,PT AstrabInternational Tbk - Daihatsu,"JL . RE Martadinata No.39B ( Jln Tengah Depan Bank Mandiri ) Nagri Tengah , Purwakarta, 41114","http://maps.google.com/?q=-6.55426,107.44365"
daihatsu,salatiga,Karya Zirang Utama Salatiga,"Jl.Osamaliki 17 (sebelah RSUD), Salatiga, Salatiga","http://maps.google.com/?q=-7.327561,110.49606"
daihatsu,samarinda,Tri Mandiri Selaras Samarinda,"Jl. Jend. Ahmad Yani No. 9 RT. 18, Temindung Permai, Samarinda","http://maps.google.com/?q=-1.255681,116.838526"
daihatsu,serang,Astra Daihatsu Serang,"Jl. Jend Sudirman No. 45 RT 01 RW 01 Link Penancangan, Serang Banten 42124, Serang, 42124","http://maps.google.com/?q=-6.139456,106.890868"
daihatsu,serpong,Astra Daihatsu Bumi Serpong Damai,"Perum BSD Blok 405/2A sektor 8, Serpong","http://maps.google.com/?q=-6.291284,106.665513"
daihatsu,sidoarjo,Astra Daihatsu Sidoarjo,"JL. SUNANDAR PRIYOSUDARMO NO. 3 SIDOKARE SIDOARJO, Sidoarjo","http://maps.google.com/?q=-7.46218,112.43831"
daihatsu,sorong,SMA Sorong,"Jl Besuki RahmatKM 9,5 Depan Hotel Klabra, Sorong, Papua Barat, Sorong","http://maps.google.com/?q=-1.27684,116.83233"
daihatsu,sragen,Mandiri Zirang Utama Sragen,"Jl raya sukowati 447, Sragen","http://maps.google.com/?q=-7.426564,111.026595"
daihatsu,subang,Astra Daihatsu,"Jl. Otto Iskandardinata no. 314, Subang","http://maps.google.com/?q=-6.550464,107.775755"
daihatsu,sumbawa barat,Prima Parama Mobilindo Sumbawa,"Jl. Hasanuddin No. 38 Sumbawa Besar, Sumbawa Barat","http://maps.google.com/?q=-6.92611,107.61225"
daihatsu,tabanan,Astra Daihatsu,"Jl. Raya Bypass Kediri No. 88 D, Tabanan","http://maps.google.com/?q=-7.861876,112.03298"
daihatsu,tasikmalaya,Astra Daihatsu,"Jl. HZ. Mustofa No. 349 , Tasikmalaya","http://maps.google.com/?q=-7.333333,108.2"
daihatsu,tebing tinggi,Capella Tebing Tinggi,"Kompleks Sudirman Business Centre No. A5, Jl. Jend. Sudirman, Kel. Sri Padang, Kec. Rambutan, Tebing Tinggi","http://maps.google.com/?q=3.328266,99.158644"
daihatsu,tegal,Astra Daihatsu Tegal,"Jl. Kol. Sugiono No. 104, Tegal, Tegal","http://maps.google.com/?q=-6.868614,109.121145"
daihatsu,tuban,Astra Daihatsu Tuban,"Jl. Basuki Rachmat No.97, Tuban","http://maps.google.com/?q=-6.563686,107.440605"
daihatsu,wonosobo,Armada International Motor Wonosobo,"Jl. Jogonegoro Km 1, Wonosobo","http://maps.google.com/?q=-7.355577,109.913959"
wuling,bandung,Arista Bandung Soekarno Hatta,"Jl. Soekarno Hatta No. 729 A, Jatisari, Buah Batu, Bandung","http://maps.google.com/?q=-6.938417,107.66821"
wuling,bekasi,Arista Summarecon Bekasi,"Kawasan Automotive Exhibition Center, Jl. Boulevard Selatan Blok VA No.1-2, Bekasi, 17143","http://maps.google.com/?q=-6.226532,107.003919"
wuling,bogor,WULING ARISTA CIBINONG,"Jl. Raya Mayor Oking Jaya Atmaja, Ciriung, Cibinong, Bogor, 16918","http://maps.google.com/?q=-6.473323,106.863008"
wuling,denpasar,Hanawa Denpasar Gatsu,"Jl. Gatot Subroto Timur No.234, Tohpati, Kesiman Kertalangu, Denpasar, 80239","http://maps.google.com/?q=-8.635089,115.250096"
wuling,depok,Wuling Jatijajar,"Jl. Raya Bogor KM. 36 No. 5, Kel. Sukamaju, Kec. Cilodong, Depok","http://maps.google.com/?q=-6.40878,106.861693"
wuling,jakarta barat,Wuling Kapuk 1,"Jl. Lkr. Luar No.129, RW.2, Cengkareng Tim., Cengkareng, , Jakarta Barat, 11730","http://maps.google.com/?q=-6.151348,106.727142"
wuling,jakarta pusat,Arista Garuda,"Jl. Garuda No. 74, Kemayoran, Jakarta Pusat","http://maps.google.com/?q=-6.161026,106.847653"
wuling,jakarta selatan,Prima Fatmawati,"Jl. RS. Fatmawati No. 45 A-E RT.002/RW.005, Cipete Selatan, Cilandak, Jakarta Selatan","http://maps.google.com/?q=-6.267574,106.795418"
wuling,jakarta timur,Maju Motor Pondok Gede,"Jl. Raya Pondok Gede No 49, Lubang Buaya, Cipayung, Jakarta Timur, 13810","http://maps.google.com/?q=-6.290425,106.857427"
wuling,jakarta utara,Wuling Muara Karang,"Jl. Muara Karang, Jakarta Utara, 14450","http://maps.google.com/?q=-6.116683,106.779791"
wuling,makassar,Kumala Makassar,"JL. Pettarani / 98 B, Makassar, 90222","http://maps.google.com/?q=-5.157657,119.436428"
wuling,medan,Arista Medan,"Jl. Ring Road, Ruko Mega Bisnis Center Blok A-1 No 288-289, Kel Tanjung Rejo, Medan","http://maps.google.com/?q=-0.484639,117.094992"
wuling,palembang,Maju Motor Palembang,"Jl. Soekarno Hatta No. 999, Palembang, 30153","http://maps.google.com/?q=-2.981769,104.716256"
wuling,pekanbaru,Arista Pekanbaru,"Jl. Jenderal Sudirman No. 228, Tangkerang Tengah , Marpoyan Damai, Pekanbaru, 28125","http://maps.google.com/?q=0.488717,101.454439"
wuling,semarang,AJM Semarang,"Jl. Raden Patah 237, Semarang","http://maps.google.com/?q=-6.961479,110.439776"
wuling,surabaya,Arista HR Muhammad,"Jl. H.R. Muhammad No. 132, Surabaya, 60226","http://maps.google.com/?q=-7.282687,112.688244"
wuling,surakarta,AJM Solo,"Jl. Raya Solo-Surakarta Km. 8 Pabelan, Surakarta, 57163","http://maps.google.com/?q=-7.560884,110.760957"
wuling,tangerang,Maju Motor Imam Bonjol,"Jl. Imam Bonjol no 10,Panunggangan Barat, Cibodas, Tangerang, 10310","http://maps.google.com/?q=-6.199306,106.827548"
wuling,tangerang selatan,Maju Motor Ciputat,"Jl. RE Martadinata, Ciputat, Tangerang Selatan, 15411","http://maps.google.com/?q=-6.331314,106.749844"
wuling,yogyakarta,AJM Yogyakarta,"Jl. Ringroad Utara No. 67, Yogyakarta, 55281","http://maps.google.com/?q=-7.750169,110.364087"
wuling,balikpapan,Arista Balikpapan,"Jl. Jenderal Sudirman no 708, Balikpapan","http://maps.google.com/?q=-1.273788,116.874767"
wuling,banda aceh,Arista Banda Aceh,"Jl. Dr. Moh Hasan No. 6 - 7, Dusun Tgk Chik Gampong Lamdom Kec, Banda Aceh","http://maps.google.com/?q=5.529669,95.330193"
wuling,bandar lampung,Wuling Lampung,"Jl. ZA Pagar Alam No.9, Rajabasa, Bandar Lampung, 35142","http://maps.google.com/?q=-5.376385,105.248651"
wuling,banjarmasin,Arista Banjarmasin,"Jl. A. Yani Km 15,47 Kel. Gambut Kec. Gambut Kab, Banjarmasin","http://maps.google.com/?q=-3.413673,114.673383"
wuling,banyumas,AJM Purwokerto,"Jl. Soepardjo Rustam No.78 Pritgantil Sokaraja, Banyumas","http://maps.google.com/?q=-7.453687,109.282778"
wuling,banyuwangi,Arista Banyuwangi,"Jl. LetJen S. Parman No.89A, Pakis, Banyuwangi","http://maps.google.com/?q=-8.241668,114.352033"
wuling,bengkulu,Arista Bengkulu,"Jl. S. Parman No. 167, Bengkulu, 38222","http://maps.google.com/?q=-3.800436,102.272629"
wuling,bone,Kumala Bone,"Jl. Sukawati, Kel. Macege, Kec. Tanete Riattang Barat, Bone","http://maps.google.com/?q=-4.5453,120.31978"
wuling,cirebon,Arista Cirebon,"Jl. Raya Plumbon No. 9, Plumbon, Cirebon, 45154","http://maps.google.com/?q=-6.704753,108.504691"
wuling,garut,Arista Garut,"Ruko Otista Pratama, Jl. Otista No. 4B Blok Pasawahan, RT 1, RW 2, Kel. Tanah Ujung, Kec. Tarogong Kaler, Garut","http://maps.google.com/?q=-6.98389,106.55611"
wuling,gorontalo,Kumala Gorontalo,"Jl. H. Nani Wartabone, Gorontalo, 96134","http://maps.google.com/?q=0.537519,123.060654"
wuling,gresik,Perdana Gresik,"Jl. RA Kartini 128, Gresik","http://maps.google.com/?q=-7.169114,112.648676"
wuling,jambi,Maju Motor Jambi,"Jl. Pangeran Hidayat Paal, Jambi, 36127","http://maps.google.com/?q=-1.624012,103.602978"
wuling,jember,Arista Jember,"Jl. Hayam Wuruk No. 207, Mangli, Kaliwates, Jember","http://maps.google.com/?q=-8.189202,113.654053"
wuling,karawang,Arista Karawang,"Jl. Tuparev No. 437 RT/04 RW/04, Kel. Karawang Wetan, Karawang, 41314","http://maps.google.com/?q=-6.311099,107.315875"
wuling,kediri,Perdana Kediri,"JL. Mayor Bismo 54, Kediri, 64129","http://maps.google.com/?q=-7.798013,112.009298"
wuling,kendari,Kumala Kendari,"Jl. Ahmad Yani no. 85A, Kendari","http://maps.google.com/?q=-3.98741,122.507202"
wuling,kolaka,Kumala Kolaka,"Jl. Pahlawan No. 28 Kel. Wataliandu, Kolaka","http://maps.google.com/?q=3.66517,98.67658"
wuling,kudus,AJM Kudus,"Jl. Lingkar Timur No. 78, Dosaran, Loram Wetan, Jati, Kudus, 59344","http://maps.google.com/?q=-6.842832,110.847997"
wuling,kupang,Prima Kupang,"Jl. Timor Raya No.160 A-C Kelapa Lima, Kupang","http://maps.google.com/?q=-10.145275,123.615184"
wuling,madiun,Perdana Madiun,"Jl. Urip Sumoharjo 66 A, Madiun","http://maps.google.com/?q=-7.62795,111.50759"
wuling,magelang,AJM Magelang,"Jl. Mayjen Bambang Soegeng No. 7 , Magelang, 56172","http://maps.google.com/?q=-7.507816,110.224533"
wuling,malang,Perdana Malang,"JL.Letjen Sutoyo 6, Malang, 65141","http://maps.google.com/?q=-7.96417,112.635133"
wuling,mamuju,Kumala Mamuju,"Jl. Jend. Sudirman No.38, Mamuju, 91512","http://maps.google.com/?q=-2.68385,118.869938"
wuling,manado,Kumala Manado,"Jl. Ring Road, Ruko Citraland Miracle Walk 6 no.12 dan 15. Kelurahan Bumi Nyiur, Kec, Manado","http://maps.google.com/?q=1.44258,124.8493721"
wuling,mataram,Hanawa Mataram,"Jl. Brawijaya No. 2, Cakra Selatan, Cakranegara, Mataram, 83234","http://maps.google.com/?q=-8.594372,116.13092"
wuling,mojokerto,Perdana Mojokerto,"JL.Raya By pass Km 45, Mojokerto","http://maps.google.com/?q=-7.487866,112.449991"
wuling,palangka raya,Arista Palangkaraya,"Jl. Cilik Riwut, Kel. Bukit Tunggal, Kec. Jekan Raya, Palangka Raya","http://maps.google.com/?q=-2.17595,113.88017"
wuling,palopo,Kumala Palopo,"Jl. Jend. Sudirman No.189, Palopo","http://maps.google.com/?q=59.19711,10.9566"
wuling,palu,Kumala Palu,"Jl. Jenderal Basuki Rahmat No. 62, Palu","http://maps.google.com/?q=-2.95534,104.7474"
wuling,pasuruan,Perdana Pasuruan,"Jl. Veteran No. 9, Pasuruan","http://maps.google.com/?q=-5.73776,105.5953"
wuling,pekalongan,AJM Pekalongan,"Jl. KH Mansyur No. 162, Pekalongan, 51111","http://maps.google.com/?q=-6.897476,109.663462"
wuling,pontianak,Arista Pontianak,"Jl. Jenderal Ahmad Yani 2 (Arteri Supadio) No. 17 – 19. RT 006RW 001 Desa Sungai Raya Kec. Sungai Raya Kab. Kubu Raya, Pontianak, 78121","http://maps.google.com/?q=-0.070625,109.360509"
wuling,purwakarta,Arista Purwakarta,"Jl. Veteran No.339 A RT/05 RW/05, Kel. Ciseureuh, Purwakarta","http://maps.google.com/?q=3.09178,101.50863"
wuling,salatiga,AJM Salatiga,"Jl. Jend. Sudirman 345 A, Salatiga","http://maps.google.com/?q=-7.60264,109.08486"
wuling,samarinda,Arista Samarinda,"Jl. AW. Syahranie No. 52, Sepaja Selatan, Samarinda Utara, Samarinda","http://maps.google.com/?q=-0.450733,117.149538"
wuling,serang,Arista Serang,"Jl. Raya Serang Cilegon KM. 3 No. 6, Drangong Taktakan, Serang","http://maps.google.com/?q=-6.107107,106.139058"
wuling,serpong,Arista Gading Serpong,"Jl. Boulevard Gading Serpong Kav. S No. 15, Sumarecon Gading, Serpong, 15810","http://maps.google.com/?q=-6.258483,106.619518"
wuling,sidoarjo,Perdana Sidoarjo,"JL.Ahmad Yani (Raya Sruni) No. 101 Gedangan, Sidoarjo","http://maps.google.com/?q=-7.396248,112.727222"
wuling,tabanan,Hanawa Tabanan,"Jl. Ahmad Yani No.14 Abiantuwung Kediri, Tabanan, 82121","http://maps.google.com/?q=-8.55783,115.14715"
wuling,tasikmalaya,Arista Tasikmalaya,"Jl. HZ.Mustofa, Kel. Kahuripan, Kec. Tawang, Tasikmalaya","http://maps.google.com/?q=-7.340304,108.218002"
wuling,tegal,AJM Tegal,"Jl. Yos Sudarso 20, Ruko Nirmala 19, Tegal","http://maps.google.com/?q=3.62735,98.66933"
wuling,tuban,PT. BERKAT LANGGENG SUKSE SEJATI,"Tuban, 62314","http://maps.google.com/?q=-6.88851,112.04261"
jeep,bandung,Bandung Oto Boutique,"Jl. Tamblong No.44, Kb. Pisang, Kec. Sumur Bandung, Bandung, 40112","http://maps.google.com/?q=-6.87911,107.633789"
jeep,bekasi,Dersindo Mulia Perkasa,"Raya Jatiwaringin No. 50 Pondok Gede, Bekasi, 17411","http://maps.google.com/?q=-6.259911,106.912114"
jeep,bogor,Carroke,"Padjajaran No 99 B-C, Bogor, 16151","http://maps.google.com/?q=-6.617788,106.820311"
jeep,denpasar,Nadia Auto Graha,"Teuku Umar No. 70, Denpasar, 80362","http://maps.google.com/?q=-8.681364,115.189963"
jeep,jakarta barat,Top Cars,"Panjang No.68Komplek Graha Arteri mas Kav.36-37, Jakarta Barat, 11520","http://maps.google.com/?q=-6.208763,106.845599"
jeep,jakarta selatan,Garansindo International Motor,"Jl. Fatmawati Raya No.25, , Jakarta Selatan, 12790","http://maps.google.com/?q=-6.36407,106.77555"
jeep,jakarta utara,Top Cars,"Bursa otomotif Sunter Yos Sudarso Kav.87 88 Blok C 10 12, Jakarta Utara","http://maps.google.com/?q=-6.153802,106.885716"
jeep,makassar,KARS INTI AMANAH,"Metro Tanjung Bunga Trans Studio Mal Branch lt. 2, Makassar, 90134","http://maps.google.com/?q=-5.130855,119.416528"
jeep,medan,M7 Auto Mobil,"H. Adam Malik No. 66-68 , Medan, 20114","http://maps.google.com/?q=3.60047,98.669005"
jeep,palembang,Top Cars,"May. HM. Rasyad Nawawi No 504-506, Palembang","http://maps.google.com/?q=-2.990934,104.756556"
jeep,pekanbaru,Top Cars,"Soekarno Hatta No. 78, Pekanbaru","http://maps.google.com/?q=0.480033,101.41856"
jeep,surabaya,PT Buana Unggul Mahakarya,"Jl. Mayjen HR. Muhammad No.338, Pradah kali kendal, Kec, Surabaya, 60226","http://maps.google.com/?q=-7.29089,112.695351"
jeep,tangerang,JHL Auto,"Jl. Gading Serpong Boulevard Curug, Curug Sangereng, Bursa Mobil Emerald Blok M5 No. 6 C1&C2, Tangerang, 15810","http://maps.google.com/?q=-6.245153,106.62813"
jeep,tangerang selatan,PT. Nusantara Chryslerindo International,"Jl. Boulevard Raya, Bintaro Jaya Sektor IX, Blok B.7/F 01-05, Tangerang Selatan","http://maps.google.com/?q=-6.24502,106.673813"
jeep,badung,Nadia Auto Graha,"Raya Kuta no. 448 Tuban, Badung, 80361","http://maps.google.com/?q=-6.914864,107.608242"
jeep,balikpapan,Nusantara Indah,"Ruhui Rahayu No. 125 A-C, Gunung Bahagia, Balikpapan, 76125","http://maps.google.com/?q=-1.242094,116.88117"
jeep,banjarmasin,CBU World,"A. Yani Km.7,400, Banjarmasin, 70249","http://maps.google.com/?q=-3.316694,114.59011"
nissan,bandung,NISSAN-DATSUN SOEKARNO HATTA,"Jl. Soekarno Hatta No. 382, Bandung","http://maps.google.com/?q=-6.941672,107.653771"
nissan,bekasi,Nissan Harapan Indah,"Ruko Grand Boulevard Blok AT 16 No. 32 - 33 Asia Tropis, Harapan Indah. Jabodetabek, Bekasi, 17132","http://maps.google.com/?q=-6.175542,106.974778"
nissan,bogor,NISSAN-DATSUN PAJAJARAN,"Jl. Raya Pajajaran No. 55, Babakan - Bogor Tengah, Bogor","http://maps.google.com/?q=-6.60787,106.810369"
nissan,denpasar,NISSAN-DATSUN GATSU (DENPASAR),"JLN. GATOT SUBROTO BARAT NO.416XX KELURAHAN UBUNG, KECAMATAN, Denpasar","http://maps.google.com/?q=-8.63712,115.198036"
nissan,depok,Nissan Depok,"Jl. Margonda Raya No.487, Jabodetabe, Depok","http://maps.google.com/?q=-6.378765,106.830969"
nissan,jakarta barat,Nissan Slipi,"Jl. S. Parman Blok N3 Kemanggisan, Jabodetabek, Jakarta Barat","http://maps.google.com/?q=-6.19151,106.796802"
nissan,jakarta pusat,Nissan Batu Ceper,"Jl. Batu Ceper No. 32, Jabodetabek, Jakarta Pusat","http://maps.google.com/?q=-6.16237,106.824414"
nissan,jakarta selatan,NISSAN-DATSUN WARUNG BUNCIT,"Jl. Warung Jati Barat No. 34 Ps. Minggu Jkt, Jabodetabek, Jakarta Selatan, 12540","http://maps.google.com/?q=-6.282221,106.827708"
nissan,jakarta timur,Nissan Radin Inten,"Jl. Radin Inten II Kav 8 No. 18, Duren Sawit, Jakarta Timur, 13440","http://maps.google.com/?q=-6.224753,106.923042"
nissan,jakarta utara,NISSAN-DATSUN SUNTER,"Jl. Danau Sunter Selatan Blok O III No. 53-54, Sunter, Jakarta Utara, 14350","http://maps.google.com/?q=-6.14417,106.883216"
nissan,makassar,NISSAN NISSAN-DATSUN PETTARANI,"Jl. AP. Pettarani No. 116, Makassar, 90222","http://maps.google.com/?q=-5.147936,119.437854"
nissan,medan,Nissan Datsun Medan Adam Malik,"Jl. H. Adam Malik No. 193 Pulo Brayan Kota, Medan, 20234","http://maps.google.com/?q=3.60047,98.669005"
nissan,palembang,NISSAN-DATSUN ISTANA,"Jl. Demang Lebar Daun No. 24, Palembang, 30151","http://maps.google.com/?q=-2.966313,104.734898"
nissan,pekanbaru,NISSAN-DATSUN SM AMIN,"JLN. RING ROAD BARAT, KELURAHAN TAMPAN, KECAMATAN PAYUNG SEKAKI,, Pekanbaru","http://maps.google.com/?q=0.54338,101.40359"
nissan,semarang,NISSAN-DATSUN MAJAPAHIT,"Jl. Brigjen Sudiarto No. 127, Gayamsari, Semarang, 50249","http://maps.google.com/?q=-6.981884,110.447063"
nissan,surabaya,NISSAN-DATSUN AHMAD YANI (SURABAYA),"Jl. Ahmad Yani 248, Surabaya, 60235","http://maps.google.com/?q=-7.337034,112.728932"
nissan,surakarta,NISSAN-DATSUN JEBRES,"Jl. Kol. Sutarto No. 48, Surakarta, 57126","http://maps.google.com/?q=-7.559291,110.840356"
nissan,tangerang,Nissan Karawaci,"Supermal Karawaci Mall LG 48F & 49 - 105, Lippo Karawaci, Jabodetabek, Tangerang","http://maps.google.com/?q=-6.227379,106.6081"
nissan,tangerang selatan,NISSAN-DATSUN BINTARO,"JLN. RASUNA SAID KAV. A5-11 BLOK B7 SEKTOR VII CBD BINTARO JAYA, PONDOK AREN, Tangerang Selatan","http://maps.google.com/?q=-6.2754042,106.715473"
nissan,yogyakarta,NISSAN-DATSUN TEGALREJO,"JLN. MAGELANG NO. 57 RT 45 RW 10 KRICAK, TEGALREJO, DAERAH ISTIMEWA , Yogyakarta, 55242","http://maps.google.com/?q=2.60105,103.62932"
nissan,badung,NISSAN-DATSUN NUSA DUA,"Jl. Bypass Ngurah Rai No. 79, Kedonganan, Badung","http://maps.google.com/?q=-8.711966,115.226948"
nissan,balikpapan,NISSAN-DATSUN GUNUNG MALANG,"Jl. Mayjend Sutoyo No. 39 A. Klandasan Ilir, Balikpapan, 76113","http://maps.google.com/?q=-1.268839,116.844674"
nissan,bandar lampung,NISSAN-DATSUN LABUHAN RATU,"Jl. ZA Pagar Alam No 6, Labuhan Ratu, Bandar Lampung, 35142","http://maps.google.com/?q=-5.369392,105.257515"
nissan,banjarmasin,NISSAN A. YANI,"Jl. Ahmad Yani Km 5.5, Pemurus Luar, Banjarmasin","http://maps.google.com/?q=-3.350554,114.634136"
nissan,banyumas,NISSAN-DATSUN PURWOKERTO,"Jl. Gerilya Timur No.52, Banyumas","http://maps.google.com/?q=-7.424278,109.239637"
nissan,banyuwangi,NISSAN-DATSUN BANYUWANGI,"JLN. S. PARMAN NO. 147 SUMBERREJO, Banyuwangi","http://maps.google.com/?q=-8.245822,114.349557"
nissan,cilegon,Nissan Cilegon,"Jl. A Yani no 14 RT 06 RW 03, Sukmajaya, Jombang, Cilegon","http://maps.google.com/?q=-6.023645,106.067494"
nissan,cirebon,NISSAN KEDAWUNG,"Jl. Brigjend. Darsono No. 5 Kedawung, Cirebon","http://maps.google.com/?q=-6.724686,108.538478"
nissan,gianyar,NISSAN-DATSUN GIANYAR,"JLN. RAYA DHARMA GIRI NO.6 BURUAN BLAHBATU , Gianyar","http://maps.google.com/?q=-8.54862,115.30308"
nissan,gorontalo,NISSAN-DATSUN GORONTALO,"Jl. Hi Nani Wartabone no. 41, Limba B, Kota Selatan, Gorontalo, 96111","http://maps.google.com/?q=0.624693,123.975002"
nissan,jambi,NISSAN-DATSUN P. HIDAYAT,"JL. PANGERAN HIDAYAT NO. 01 RT. 007 PAAL LIMA, Jambi","http://maps.google.com/?q=-1.6249,103.6027"
nissan,jember,NISSAN-DATSUN JEMBER,"Jl. Hayam Wuruk No.181-183, Kel. Mangli, Kec. Kaliwates, Jember, 68131","http://maps.google.com/?q=-8.189193,113.674026"
nissan,karawang,NISSAN-DATSUN KARAWANG,"JLN. INTERCHANGE KAMPUNG PINTU AIR RT 003 RW 004 KECAMATAN TELUK JAMBE TIMUR KELURAHAN WADAS KABUPATEN, Karawang, 41361","http://maps.google.com/?q=-6.3143,107.320617"
nissan,kediri,Nissan Kediri,"Jl. Joyoboyo 55, Kediri","http://maps.google.com/?q=-7.828372,112.013517"
nissan,kendari,NISSAN-DATSUN KENDARI,"JLN. LA ODE HADI BY PAS RT/RW 1, BONGGOEYA, WUA-WUA, Kendari, 93111","http://maps.google.com/?q=-3.99976,122.51023"
nissan,kudus,NISSAN-DATSUN JATI,"JLN. R. AGIL KUSUMADYA KM.4 RT 04/ RW 05, KEC.JATI KAB. KUDUS, Kudus, 59346","http://maps.google.com/?q=-6.83893,110.820139"
nissan,kupang,NISSAN-DATSUN JATI,"JLN. TIMOR RAYA RT 008/ RW 004 KELAPA LIMA, Kupang","http://maps.google.com/?q=-12.04318,-77.02824"
nissan,madiun,NISSAN-DATSUN MADIUN,"Jl. Urip Sumoharjo No. 35, Manguharjo, Madiun, 63129","http://maps.google.com/?q=-7.628867,111.510242"
nissan,magelang,NISSAN-DATSUN MAGELANG,"JLN. A. YANI KELURAHAN KEDUNGSARI, KECAMATAN MAGELANG UTARA, Magelang, 56102","http://maps.google.com/?q=-7.441965,110.226681"
nissan,malang,Nissan S. Parman,"Jl. S. Parman 53-55,Blimbing, Malang, 65126","http://maps.google.com/?q=-7.951861,112.638825"
nissan,manado,NISSAN-DATSUN MARTADINATA,"Jl. Martadinata no.64 - Paal Dua Kel. Dendengan Luar, Kec. Tikala, Manado, 95129","http://maps.google.com/?q=1.485934,124.853861"
nissan,mataram,NISSAN-DATSUN SANDUBAYA,"JLN. SANDUBAYA NO.47, CEKRANEGARA MATARAM LOMBOK, Mataram, 83236","http://maps.google.com/?q=-8.59323,116.16469"
nissan,mojokerto,NISSAN-DATSUN MOJOKERTO,"Jl. HOS Cokroaminoto No. 27, Mojokerto, 61313","http://maps.google.com/?q=-7.468305,112.437118"
nissan,palangka raya,NISSAN-DATSUN RTA. MILONO,"Jl. RTA Milono, Palangka Raya","http://maps.google.com/?q=-2.21,113.92"
nissan,palu,NISSAN-DATSUN PALU,"JL.MOH.YAMIN NO.85 PALU, KEL.BIROBUL UTARA , Palu","http://maps.google.com/?q=3.9655,98.4523"
nissan,pekalongan,NISSAN-DATSUN PEKALONGAN,"Jl. Dr Sutomo RT 005 RW 013 Desa Sukorejo, Kecamatan Pekalongan Timur, Pekalongan, 51129","http://maps.google.com/?q=-6.900474,109.693691"
nissan,pontianak,NISSAN-DATSUN A. YANI (PONTIANAK),"JLN. ARTERI SUPADIO NO.8B SUNGAI RAYA, Pontianak, 78121","http://maps.google.com/?q=-0.090807,109.372777"
nissan,purwakarta,NISSAN-DATSUN PURWAKARTA,"JLN. VETERAN KP. CIHIDEUNG RT 003 / RW 003, KEL, CISEUREUH, Purwakarta, 41151","http://maps.google.com/?q=-6.568747,106.723727"
nissan,salatiga,NISSAN-DATSUN SALATIGA,"JLN. SOEKARNO HATTA RAYA KM 10. RT 02. RW 05, KEL. CEBONGAN, KEC. ARGOMULYO, Salatiga","http://maps.google.com/?q=-7.372441,110.514976"
nissan,samarinda,NISSAN-DATSUN SEMPAJA,"JL. KH. WAHID HASYIM NO. 24 RT. 13 SEMPAJA, Samarinda, 75119","http://maps.google.com/?q=-6.86807,109.13698"
nissan,serang,NISSAN-DATSUN SERANG BARAT,"JL. RAYA SERANG RT 01 RW 01 KEL. SERDANG, KEC. KRAWATU, KAB. SERANG, PROV. BANTEN, Serang, 42161","http://maps.google.com/?q=-6.028254,106.090472"
nissan,sidoarjo,NISSAN-DATSUN SIDOARJO,"JLN. GELORA 1 RT01/01 KELURAHAN PUCANG KEC, Sidoarjo, 61219","http://maps.google.com/?q=-7.435749,112.72078"
nissan,tasikmalaya,NISSAN-DATSUN JUANDA,"Jl. Ir. H. Juanda No. 465, Linggajaya, Mangkubumi, Tasikmalaya, 46181","http://maps.google.com/?q=-7.341258,108.197258"
nissan,tegal,NISSAN TEGAL,"Jl. Kolonel Sugiono No.124, Kemandungan, Tegal","http://maps.google.com/?q=-6.871547,109.121859"
bmw,bandung,TUNAS BANDUNG,"Jl. Soekarno Hatta No. 735A, Bandung, 40116","http://maps.google.com/?q=-6.94472,107.5877"
bmw,bekasi,Tunas Bekasi,"Jalan boulevard Timur Blok VA, Bekasi, 17143","http://maps.google.com/?q=-6.21438,106.99591"
bmw,denpasar,ASTRA DENPASAR,"Jl.Gatot Subroto Timur No.168, Denpasar, 80237","http://maps.google.com/?q=-8.63582,115.24342"
bmw,jakarta barat,TUNAS HAYAM WURUK,"Jl. Hayam Wuruk No. 51, Jakarta Barat, 11160","http://maps.google.com/?q=-6.158752,106.819362"
bmw,jakarta pusat,Artha Motor Lestari Thamrin,"Jl MH Thamrin No 8-9, Jakarta Pusat, 10690","http://maps.google.com/?q=-6.208054,106.77605"
bmw,jakarta selatan,ASTRA CILANDAK,"Jl. RA Kartini kav 203, Jakarta Selatan, 12430","http://maps.google.com/?q=-6.292526,106.789671"
bmw,jakarta utara,Astra Sunter,"Jl. Gaya Motor Selatan No.1, Jakarta Utara, 14330",
bmw,makassar,ASTRA MAKASSAR,"Jl. Andi Pangeran Pettarani No. 98 A, Makassar, 90222","http://maps.google.com/?q=-5.147936,119.437854"
bmw,medan,ARTHA MOTOR LESTARI MEDAN,"Ji W Mongonsidi 54, Polonia, Medan, 20152","http://maps.google.com/?q=22.27953,114.18586"
bmw,semarang,ASTRA SEMARANG,"Jl. Jend. Sudirman no. 295, Semarang, 50149","http://maps.google.com/?q=-6.982227,110.393113"
bmw,surabaya,ASTRA SURABAYA,"Jl. HR Muhammad kav. 2, Surabaya, 60189","http://maps.google.com/?q=-7.282376,112.686969"
bmw,tangerang,Bestindo Bintaro,"Jl. Jend. Sudirman Blok B6 No. 1, Tangerang, 15224","http://maps.google.com/?q=-6.281703,106.727982"
bmw,tangerang selatan,Astra Serpong,"Astra BIZ Center No.11A  , Tangerang Selatan, 15331","http://maps.google.com/?q=-6.182584,106.645058"
bmw,banjarmasin,MAXINDO BANJARMASIN,"Jl. A. Yani km. 4.5 no. 330, Banjarmasin, 70234","http://maps.google.com/?q=-3.316694,114.59011"
mercedes benz,bandung,PT CITRAKARYA PRANATA,"Jl. Soekarno-Hatta No.727, Bandung, 40286","http://maps.google.com/?q=-6.93855,107.667686"
mercedes benz,denpasar,PT. CAKRAWALA AUTOMOTIF RABHASA,"Jl. Denpasar Raya Blok D-2 Kav. 12, Denpasar, 12940","http://maps.google.com/?q=-8.608651,115.190412"
mercedes benz,jakarta barat,PT HARTONO RAYA MOTOR,"Jl. Daan Mogot Km.1 No. 99, Jakarta Barat, 11510","http://maps.google.com/?q=-6.164937,106.777483"
mercedes benz,jakarta pusat,PT PANJI RAMA OTOMOTIF,"Jl. Teuku Nyak Arif 14, Simprug, Jakarta Pusat, 12220","http://maps.google.com/?q=-6.222995,106.788908"
mercedes benz,jakarta selatan,PT. ADEDANMAS,"Jl. TB. Simatupang Kav. 5, Jakarta Selatan, 12430","http://maps.google.com/?q=-6.291211,106.787866"
mercedes benz,jakarta timur,PT DIPO MANDIRI MOTOR,"Jl. Jend A. Yani Kav 87, Jakarta Timur, 13210","http://maps.google.com/?q=-6.188275,106.876447"
mercedes benz,jakarta utara,PT MERCINDO AUTORAMA,"Jl. Boulevard Raya Barat Bloc XC-A8, Cengkareng, Jakarta Utara, 14240","http://maps.google.com/?q=-6.136826,106.732801"
mercedes benz,makassar,PT Timur Permai,"Jl. Perintis Kemerdekaan Km.9.200, Makassar, 90245","http://maps.google.com/?q=-5.130855,119.416528"
mercedes benz,medan,PT BINTANG COSMOS,"Jl. Sisingamangaraja km.7, Medan, 20147","http://maps.google.com/?q=3.59154,98.6693"
mercedes benz,pekanbaru,PT BINTANG WIRABENS,"Jl. Jenderal Sudirman No.203 EFG, Pekanbaru, 28282","http://maps.google.com/?q=0.533505,101.447404"
mercedes benz,semarang,PT HARTONO RAYA MOTOR,"Jl. Raya Semarang - Kendal Km.10 Tambak Aji, Semarang, 50185","http://maps.google.com/?q=-6.794315,111.806199"
mercedes benz,surabaya,PT HARTONO RAYA MOTOR,"Jl. Demak 166 - 170, Surabaya, 60172","http://maps.google.com/?q=-7.246852,112.722906"
mercedes benz,tangerang selatan,PT Panji Rama Otomotif,"Jl. BSD Boulevard Utara  Kav. Commercial De Park Lot 2 No.16 BSD City - , Tangerang Selatan, 15820","http://maps.google.com/?q=-6.288193,106.64569"
mercedes benz,yogyakarta,PT KALIMAS ARUBU INDONESIA,"Jl. Raya Yogya - Solo km. 9, Yogyakarta, 55282","http://maps.google.com/?q=-7.797068,110.370527"
mercedes benz,balikpapan,PT Bintang Kutai,"Jl. Soekarno-Hatta km 2.5, Balikpapan, 76126","http://maps.google.com/?q=-1.109719,116.904417"
mercedes benz,banjarmasin,PT Bintang Barito,"Jl. Jend A yani Km9.2 No 38, Banjarmasin, 70654","http://maps.google.com/?q=-3.316694,114.59011"
hyundai,bandung,Hyundai Cihampelas,"Jl. Cihampelas No. 6, Bandung, 40116","http://maps.google.com/?q=-6.895074,107.604017"
hyundai,bekasi,Hyundai Cibubur,"Jl. Alternatif Cibubur Transyogi No. 25 , Bekasi, 17433","http://maps.google.com/?q=-6.249028,106.996952"
hyundai,bogor,Hyundai Tajur-Bogor,"Jl. Raya Tajur No.91 Bogor Tim, Kota, Bogor, 16137","http://maps.google.com/?q=-6.52175,106.91619"
hyundai,depok,PT. Sinar Inti Prima Jaya Perkasa.,"Jl. Raya Bogor KM 29. No. 18 Mekarsari, Depok","http://maps.google.com/?q=-6.359241,106.859315"
hyundai,jakarta barat,Hyundai Kebon Jeruk,"Jl. Panjang No. 5, RT.10/RW.5, Kedoya Utara, Kec. Kb. Jeruk, Jakarta Barat","http://maps.google.com/?q=-6.196011,106.769001"
hyundai,jakarta pusat,Hyundai Pramuka,"Jl. Raya Pramuka No.137 RT 014/RW 05 Rawasari cempaka putih, Jakarta Pusat","http://maps.google.com/?q=-6.1737,106.860856"
hyundai,jakarta selatan,Hyundai Cilandak,"Jl. Raya Karang Tengah 11D Lb. Bulus, Jakarta Selatan, 12440","http://maps.google.com/?q=-6.30799,106.780871"
hyundai,jakarta timur,Hyundai Kalimalang,"Jl. Raya Kalimalang, Billy & Moon, Jakarta Timur, 13450","http://maps.google.com/?q=-6.24711,106.981004"
hyundai,jakarta utara,Hyundai Sunter,"Jl Danau Sunter Barat Blok A1 – A2 No 7, Sunter, Jakarta Utara, 14350","http://maps.google.com/?q=-6.131218,106.855492"
hyundai,makassar,Hyundai Nipah Mall,"Jl. Urip Sumoharjo Kel No. 23C, Panaikang, Kec. Panakkukang, Makassar, 90231","http://maps.google.com/?q=-5.140716,119.451893"
hyundai,palembang,Hyundai Veteran,"Graha Maju Motor, Jl Rasyad Nawawi No.505, Palembang, 30111","http://maps.google.com/?q=-2.977042,104.76461"
hyundai,semarang,Hyundai Puri Anjasmoro,"Jl. Madukoro Raya No. 4-5, Tawangsari, Kec. Semarang Bar, Semarang, 50141","http://maps.google.com/?q=-6.97646,110.40073"
hyundai,surabaya,Hyundai Basuki Rahmat,"Jalan basuki rahmat No.14 Kedungdoro, Kec. tegalsari, Surabaya, 60261","http://maps.google.com/?q=-7.26412,112.74107"
hyundai,tangerang,PT. Auto Maju Sentosa Summarecon Mall Serpong,"Jl. Boulevard Raya Gading Serpong Pakulanan Barat, Kec. , Tangerang, 15810","http://maps.google.com/?q=-6.24314,106.62014"
hyundai,tangerang selatan,Hyundai Serpong,"JL. Raya Serpong KM. 7 No. 32, Tangerang Selatan, 15320","http://maps.google.com/?q=-6.178306,106.631889"
hyundai,yogyakarta,Hyundai Adisucipto,"Jl. Laksda Adisucipto Km. 9, Yogyakarta, 55281","http://maps.google.com/?q=-6.14464,106.80575"
hyundai,badung,Hyundai Gatsu,"JL. Gatot Subroto Barat No. 188, Kuta Utara, Badung, 80117","http://maps.google.com/?q=-8.637037,115.177283"
hyundai,banda aceh,Hyundai Aceh,"Banda Aceh, 23233","http://maps.google.com/?q=5.51892,95.31073"
hyundai,bandar lampung,Hyundai Lampung,"Jl. ZA. Pagar Alam No. 3, Labuhan Ratu, Kec. Kedaton, Bandar Lampung, 35142","http://maps.google.com/?q=-5.382786,105.258853"
hyundai,banjarmasin,Hyundai Banjarmasin,"Jl. A. Yani KM 6.7, Banjarmasin","http://maps.google.com/?q=-3.316694,114.59011"
hyundai,cirebon,Hyundai Cirebon,"Jl. Brigjen Dharsono No.8, Cirebon, 45153","http://maps.google.com/?q=-6.739061,108.54541"
hyundai,kendari,Hyundai Kendari,"Jl. Malaka No.18, Kendari, 93231","http://maps.google.com/?q=-4.16343,122.65366"
hyundai,kudus,Hyundai Kudus,"l. AKBP Agil Kusumadya No.203 RW 2 Tanggulangin, Jati Wetan, Kec. Jati, Kudus, 59346","http://maps.google.com/?q=-6.83052,110.82889"
hyundai,purwakarta,PT. Multi Oto Internusa,"Jl. Veteran No 247, Kel Ciseureuh kab, Purwakarta, 41181","http://maps.google.com/?q=-6.52187,107.44866"
lexus,jakarta pusat,Menteng Gallery,"Jl. Proklamasi No. 35 Menteng, Jakarta Pusat, 10320","http://maps.google.com/?q=-6.201925,106.845861"
lexus,jakarta selatan,Mampang Gallery,"Jl. Mampang Prapatan No. 72, Jakarta Selatan, 12790","http://maps.google.com/?q=-6.240371,106.825829"
lexus,jakarta utara,Pluit Gallery,"Jalan Pluit Selatan Raya Kav. I no. 8, Jakarta Utara, 14440","http://maps.google.com/?q=-6.125498,106.797854"
ford,bandung,PT. Saluyu Gatsu Motor,"JL. Gatot Soebroto no: 162, Bandung","http://maps.google.com/?q=-6.914864,107.608242"
ford,bekasi,Ford Bekasi PT. Putra Borneo Nusantara Indah,"JL. Ahmad Yani No. 10, Bekasi, 17144","http://maps.google.com/?q=-6.248826,106.992584"
ford,bogor,PT. Selaras Nusa Abadi,"Ruko Nirmala Estate 19 - 21 JL. Yos Sudarso No. 20, Bogor","http://maps.google.com/?q=-6.557542,106.784704"
ford,denpasar,Teuku Umar PT. Sumber Sukses Mobilindo,"JL. Teuku Umar No: 76, Denpasar","http://maps.google.com/?q=-8.65,115.216667"
ford,jakarta barat,Ford Jakarta Barat PT. Kreasi Auto,"JL. Panjang No: 8; Arteri Kedoya, Jakarta Barat, 11520","http://maps.google.com/?q=-6.173171,106.765969"
ford,jakarta pusat,Ford Jakarta Pusat PT. Kreasi Auto,"JL. KH. Hasyim Ashari No. 45, Jakarta Pusat, 10150","http://maps.google.com/?q=-6.165289,106.811465"
ford,jakarta selatan,PT.Kreasi Auto Kencana,"Jl. TB Simatupang No. 14, Kecamatan Cilandak Barat, Jakarta Selatan, 12430","http://maps.google.com/?q=-6.292818,106.7928"
ford,jakarta timur,Pemuda PT.Putra Borneo Nusantara Indah,"JL. Pemuda Raya No. 62 F, Jakarta Timur","http://maps.google.com/?q=-6.262354,106.942023"
ford,jakarta utara,Ford Pluit PT. Kreasi Auto,"JL. Pluit Putra Raya No. 15 , Jakarta Utara, 14450","http://maps.google.com/?q=-6.120894,106.791366"
ford,medan,"Ford Medan, Gatot Subroto PT. Auto Kencana Andalas","JL. Gatot Soebroto No: 107, Medan, 20122","http://maps.google.com/?q=3.590887,98.634752"
ford,pekanbaru,Ford Pekanbaru PT. Mayapada Auto Sempurna,"Jl Riau no 18 ABCDEF Tampan, Pekanbaru","http://maps.google.com/?q=0.469109,101.399852"
ford,semarang,PT. Mitrabuana Citra Abadi,"JL. Jend Sudirman No: 291, Semarang","http://maps.google.com/?q=-6.966667,110.416667"
ford,surabaya,Ford Jawa Timur PT. Fortuna Delta Motor,"JL. Jend A. Yani Kav. 80, Surabaya","http://maps.google.com/?q=-7.26424,112.745579"
ford,tangerang,PT. Nusantara Bumi Serpong,"JL. Raya Serpong CBD II No. 2 , Tangerang","http://maps.google.com/?q=-6.208763,106.845599"
ford,yogyakarta,PT. Mitrabuana Citra Abadi,"Jl. Raya Yogya Solo Km 12 - Cupuwatu, Kalasan, Yogyakarta","http://maps.google.com/?q=-7.757892,110.469498"
ford,banda aceh,PT. Auto Kencana Andalas,"JL. Cut Nyak Dhien No: 530 Lamteumen Timur, Banda Aceh","http://maps.google.com/?q=5.534598,95.296384"
ford,blitar,PT. Mitrabuana Citra Abadi,"JL. Agil Kusumadya km 4 Kudus, Blitar","http://maps.google.com/?q=-8.094786,112.172828"
ford,cirebon,PT. Saluyu Gatsu Motor,"Manhattan Square Jl Brigjen Darsono 8 E-F, Cirebon","http://maps.google.com/?q=-6.737246,108.550656"
ford,jambi,PT. Citra Abadi Indah Cemerlang,"Jl. Jend Sudirman Km 6 Gunung Ibul irebon, Jambi","http://maps.google.com/?q=-1.59,103.61"
ford,malang,Ford Jawa Timur II PT. Fortuna Delta Motor,"jl. Letjend Sutoyo No. 98, Malang","http://maps.google.com/?q=-7.983908,112.621394"