Customer Name,Customer e-mail,Country,Gender,Age,Annual Salary,Credit Card Debt,Net Worth,Car Purchase Amount
Martina Avila,cubilia.Curae.Phasellus@quisaccumsanconvallis.edu,USA,0,42,583645246.4,108478055.2,55821348.12,412554638.4
Harlan Barnes,eu.dolor@diam.co.uk,USA,0,41,628435709.3,89449711.48,124035504.9,526949339.7
Naomi Rodriquez,vulputate.mauris.sagittis@ametconsectetueradipiscing.co.uk,USA,1,43,478367077.1,104282357.7,149145932.6,501372283.6
Jade Cunningham,malesuada@dignissim.com,USA,1,58,777042043.6,134798084.4,128152738.6,787493201.4
Cedric Leach,felis.ullamcorper.viverra@egetmollislectus.net,USA,1,57,547636487.2,50071806.58,130887030.1,653092601.8
Carla Hester,mi@Aliquamerat.edu,USA,1,57,650078266.9,132492990.5,100094180.2,661228134.8
Griffin Rivera,vehicula@at.co.uk,USA,1,47,315033617,55675852,76240775.13,337852240.1
Orli Casey,nunc.est.mollis@Suspendissetristiqueneque.co.uk,USA,1,50,454466098.4,102650348.7,147007377.6,554040597.4
Marny Obrien,Phasellus@sedsemegestas.org,USA,0,47,529066546.3,32151057.58,147181788.8,560799012.7
Rhonda Chavez,nec@nuncest.com,USA,1,43,474378943.4,120388831.2,111343887.6,446053430.2
Jerome Rowe,ipsum.cursus@dui.org,USA,1,50,706712903,77281489.56,143135741,689651592.9
Akeem Gibson,turpis.egestas.Fusce@purus.edu,USA,1,53,497324957.6,93579873.05,68646282.87,493933306.2
Quin Smith,nulla@ipsum.edu,USA,0,44,286088431.3,95479990.68,100659914.3,335216390.1
Tatum Moon,Cras.sed.leo@Seddiamlorem.ca,USA,0,48,647796244.4,88459602.48,98187235.6,575343668.3
Sharon Sharpe,eget.metus@aaliquetvel.co.uk,USA,0,55,700023724.6,99024330.78,34186167.82,578277192
Thomas Williams,aliquet.molestie@ut.org,USA,1,53,605255671.1,105830464.9,112462849.8,619241681.2
Blaine Bender,ultrices.posuere.cubilia@pedenonummyut.net,USA,0,45,588875379.4,107414419.1,86515213.53,488395937.4
Stephen Lindsey,erat.eget.ipsum@tinciduntpede.org,USA,1,48,465326507.6,116935677.6,128350022.3,512772001.3
Sloane Mann,at.augue@augue.net,USA,1,52,486596724.6,68938358.62,100704726.4,521325031.3
Athena Wolf,volutpat.Nulla.facilisis@primis.ca,USA,0,59,496701010,124022411.8,132222769.7,640385480.7
Blythe Romero,Sed.eu@risusNuncac.co.uk,USA,1,52,590930880.3,110988385.1,112265411.6,597209540.3
Zelenia Byers,auctor.non@sapien.co.uk,USA,0,48,601576993.2,101899742.5,71768016.42,506939042.1
Nola Wiggins,Aliquam@augue.edu,USA,1,46,611263745.6,71935272.07,116222180.3,551773245.3
Micah Wheeler,arcu.eu@tincidunt.org,USA,1,47,457682816.2,111762217.6,160825669.4,544702573.7
Caryn Hendrix,condimentum.Donec@duiCum.com,USA,0,40,663068303.7,75925596.99,116586570,526515734.5
Hedda Miranda,scelerisque@magnased.com,USA,0,53,469805878,166375302.8,100317261,518446982.5
Ulric Lynn,sociis@vulputateveliteu.com,USA,0,28,817600795.4,122426564.8,73765114.92,434046949.9
Alma Pope,Nunc.mauris.Morbi@turpis.org,USA,0,56,567019164.4,133338948.3,79819235.71,573394231.2
Gemma Hendrix,lobortis@non.co.uk,USA,1,46,1018000000,163080101.2,43924293.37,681531715.3
Castor Wood,velit.Pellentesque@Nulla.net,USA,1,40,584576989.7,117014356.2,136242756,513854121.5
Herman Stevenson,sociosqu.ad.litora@erat.com,USA,1,33,312844817.7,87567399.45,74714077.21,205387773.3
Adrienne Bolton,dictum@magnaPraesent.ca,USA,1,40,654279717.9,125368637.4,113545735.5,521516213.3
Dahlia Cleveland,tincidunt.tempus@idsapien.co.uk,USA,1,51,811944089.4,75616087.36,153226291.4,775130272.1
Keane Browning,Curabitur@acipsumPhasellus.co.uk,USA,0,51,643123379.7,106683340.2,113865041.2,624756917.8
Quon Hull,nascetur.ridiculus.mus@dignissim.co.uk,USA,0,46,612840448.7,74646914.43,50381338.57,464984866.6
Coby Charles,nec@dolornonummyac.com,USA,0,51,546049304.8,114489514.5,143019912.4,602829831.5
Amery Cortez,semper.et.lacinia@Morbiquisurna.ca,USA,1,50,404339201.7,69197312.23,100593956.6,455270919.1
Uriel Bradshaw,ultrices@Integersemelit.com,USA,1,22,353779238.4,102009764.9,76327102.94,117877189.1
Fredericka Sanders,Curabitur@Infaucibus.ca,USA,0,51,460439993.3,82589368.85,49766368.4,419645160.8
Christopher Stevens,blandit.enim@lacusvariuset.org,USA,1,48,795607346.6,42047262.72,88709580.19,640334885
Rachel Ashley,tincidunt.tempus.risus@posuerecubiliaCurae.co.uk,USA,0,42,625758338.5,85809013.29,119916226.3,535010247.3
Lael Wright,a@consequatpurusMaecenas.com,USA,1,46,532782606.3,116716022.9,95929240.36,485508053.5
Ryder Shaffer,Phasellus.dapibus.quam@inhendrerit.ca,USA,0,38,440674649.2,124633341.7,81487585.09,327404531
Eric Noel,lacinia.at.iaculis@Fuscefermentumfermentum.edu,USA,1,39,445016138.7,101072978.1,70017892.25,324887821.4
Tamara Guy,nec.eleifend@orci.org,USA,1,61,781972089.6,133110262.1,116321188.5,802164123.1
Quincy Bell,in@Duisgravida.co.uk,USA,0,55,676795402.8,94891505.84,199474276.1,805045103.4
Lee Taylor,Vivamus.nisi.Mauris@miAliquam.co.uk,USA,1,42,505230570.3,109093862.7,74805411.5,399640094.3
Kenneth Pope,vitae.sodales.at@molestiearcuSed.org,USA,0,51,521347469.3,20838020.24,37137660.3,442011685.1
Reese Vance,egestas@malesuadavelvenenatis.com,USA,1,41,552918825.9,66294713.43,91176923.26,442476270.2
Quon Carroll,sodales@pharetra.com,USA,0,40,719518554,73964844.42,123205481.8,569217290.7
Magee Davidson,Quisque@tempor.net,USA,1,41,298591177.6,102998937,105551272.2,317546953.2
Leilani Gross,dignissim@mollisDuissit.org,USA,0,56,604722917,115665086.1,182190664.4,744464402.8
Morgan William,sociis.natoque.penatibus@uterat.ca,USA,0,46,645500639.2,73010303.23,106430295.8,563755700.3
Francesca Cervantes,leo@sitametdapibus.edu,USA,1,37,696470802.9,104810589.9,136310990.6,541731611.4
Rafael Peterson,lectus.a.sollicitudin@tortorat.net,USA,1,52,259610812.3,17304899.62,82637753.33,373514485.2
Roanna Knox,dolor.nonummy@metusurnaconvallis.net,USA,0,57,462300019.9,65393662.75,102332626.5,561811393.3
Marny Vargas,nonummy.Fusce.fermentum@ligula.org,USA,1,34,836583785.8,72625724.65,109380581.7,553409055
Charlotte Waller,odio@Nuncac.org,USA,1,43,450579850.8,105878774.6,148664702,483844013.5
Dorian Hernandez,conubia.nostra.per@diam.co.uk,USA,1,50,394399149.9,70939832.53,95640413.82,445566422.9
Armando Hensley,Class.aptent@torquentper.com,USA,1,42,494823095.3,93219807.3,66824203.78,382377524.7
Rowan Kidd,sapien.Aenean.massa@adipiscing.ca,USA,1,42,395332377.7,73159460.05,143842921,436226244.5
Gwendolyn Rice,Duis@metusIn.com,USA,0,42,689175931.4,39481465.93,111214250.1,554611404.9
Gareth Morris,est.Nunc.laoreet@nullavulputatedui.edu,USA,0,55,658684493.4,91971521.36,56647062.94,580852630
Sawyer Carney,erat.Sed@Phasellus.ca,USA,0,53,480799173,141926842.5,57540793.88,468293479.4
Raya Shields,tincidunt.aliquam@orciluctuset.com,USA,0,53,401627244.7,84527528.31,106669750.8,494034872.4
Olga Serrano,risus@urnasuscipitnonummy.edu,USA,0,43,669790038.3,63927355.15,154684426.9,618513596.5
Yuli Craig,lobortis.quis.pede@Seddiam.com,USA,0,55,577231237.9,110127255.2,70319725.13,561856026.3
Lev Kramer,eu.odio@tristique.org,USA,1,43,541407282.6,80679616.74,133865503.4,510193067
Nissim Acosta,enim@at.net,USA,1,57,419010737.3,101727353.5,154732589.9,615629068.1
Miranda Berry,lorem@necmauris.ca,USA,1,52,626463152.9,127880928.3,83290874.15,576908951.7
Owen Jacobson,ac.orci@Etiamimperdietdictum.edu,USA,1,45,437270452.6,106059016.7,53898131.07,360222898
Marvin Becker,congue.elit@vestibulumneceuismod.ca,USA,0,56,520359919.4,52586197.34,96203730.27,576681026.4
Davis Scott,neque@variusultricesmauris.edu,USA,0,41,590861598.9,99758588.84,112439939.7,489434652
Matthew Colon,facilisis@Nullainterdum.edu,USA,1,48,540745982.1,43267807.1,110690391.6,526287915.8
Quinlan Harris,libero.nec@adipiscing.org,USA,1,56,632737462.6,121475865.5,82964825.1,618941031.5
Hedley Greene,eleifend@felis.org,USA,0,47,657759040.5,147556820.3,118432159.1,595190387.8
Orson Kirby,cursus@nectellus.co.uk,USA,1,53,444137540,156346670.8,80572418.9,483051850.4
Adria Mathis,Aliquam.rutrum.lorem@Donec.net,USA,1,57,474306516.2,81673316.58,72208811.45,518997519.9
Peter Stout,dictum.mi.ac@semperrutrumFusce.com,USA,0,39,673019413,93996473.14,65127608.94,449708311.4
Cleo Moore,pede.et@Sedeu.com,USA,0,45,465502734.4,8052814.805,126332163.4,481464190.4
Cally Montoya,sit@pedeCum.ca,USA,1,33,679927296.7,57446153.67,103140710.6,448505709
Ila Farrell,lacus@velit.edu,USA,1,44,497147477.9,88978954.77,122231495.8,484214033.7
Abel Stanton,eu.lacus.Quisque@congue.edu,USA,1,40,417263431.6,90861351.71,95168961.81,355011555.3
Reed Roman,laoreet.libero@laoreetlectus.com,USA,0,40,661837336.4,50919866.34,95610906.89,495045719
September Puckett,tincidunt@consequatpurusMaecenas.net,USA,1,37,661219409.8,89383123.7,90199531.94,455544260.5
Teegan Barr,non.lorem.vitae@eratVivamus.org,USA,1,40,281334822.5,90816138.44,57387195.71,228382239.2
Alexander York,eu.odio.Phasellus@ipsumporta.edu,USA,1,44,586867286.5,103008503,116065676.3,527554360.9
Jared Green,laoreet@sagittis.edu,USA,0,43,444387497.5,103168775.7,104793415.1,420713081.4
Eagan Woodward,varius.et@Maecenas.edu,USA,1,58,528202201.1,39290777.08,90753251.98,594955121
Ferdinand Weber,metus.Vivamus@vitaeposuere.org,USA,1,32,83600000,133262331.4,135296834.7,150621947.5
Kitra Kerr,scelerisque@Vivamusnon.co.uk,USA,1,50,557062863.4,77036329.79,40431296.4,454996960.1
Desirae Stone,Morbi.sit@Aliquamfringilla.ca,USA,1,59,441798707.9,92238395.15,125364954.8,598261776.3
Len Phillips,libero.lacus@Suspendisseseddolor.net,USA,1,42,368318947.4,129555406.1,60513912.37,303352454.6
Yen Santana,ornare.facilisis@ornarelibero.ca,USA,0,50,737192751.2,98699772.83,148455687.4,708629532.9
Martina Fuentes,elit@nequeIn.com,USA,1,53,678073789.2,110210042.5,93147263.18,631597409.1
Ariana Nash,vel.turpis.Aliquam@consequatpurus.edu,USA,1,47,504193654.9,103066799.9,91535833.92,467256898.2
Glenna Graham,sodales@maurisSuspendisse.com,USA,0,46,907701401.7,129625263.2,112031508.9,719412320.4
Holmes Lane,ac.orci@accumsaninterdum.co.uk,USA,1,43,687648213.3,82887954.43,38746344.32,461399575.2
Emerald Hamilton,sit.amet.orci@facilisis.edu,USA,0,49,650104638.1,54485968.88,120323666.6,612904710.8
Gage Marquez,malesuada.vel@dictum.co.uk,USA,0,43,390333463.4,156673311.1,177414401.8,492752135.1
Travis Burks,dictum@liberolacusvarius.ca,USA,1,53,572503668.2,48486796.82,165149839.6,670916067.6
Otto Oneill,arcu.Morbi.sit@elementum.ca,USA,1,36,427971165,110364343.6,56599626.11,264922450.7
Brian Mathews,vulputate.mauris.sagittis@orciluctus.com,USA,1,30,647617649.1,68751161.83,94481227.59,392923807.8
Ralph Rich,et@tellus.edu,USA,0,37,403622986.2,136073326.3,125617029.3,368396295
Yasir Tyler,pharetra.sed.hendrerit@adipiscinglobortisrisus.edu,USA,0,48,597228711.3,99185200.35,208240355.1,706187314.5
Dominic Mcintosh,Cras.vehicula@nibhPhasellusnulla.net,USA,0,44,731378915.9,58689005.69,69372754.63,534223744.6
Tanner Ward,diam@orciUt.ca,USA,0,42,446561386.6,116023031.9,105213975.7,406508663.7
Wing Gray,urna.nec@tempusscelerisquelorem.org,USA,1,50,345623819.5,68543143.97,90183013.55,404625596
Lionel Mcclure,odio.auctor.vitae@placeratorcilacus.edu,USA,1,30,573259438.1,96864606.46,75558668.03,322212872.5
Wing Parks,sagittis@magnased.ca,USA,1,42,666980250.3,84195500.83,181866292.1,642084931.4
Oleg Gordon,Nunc.sollicitudin.commodo@blanditat.co.uk,USA,1,46,708204614.7,90233196.72,90236648.06,573984537.1
Jamal Stephenson,lorem.lorem@in.edu,USA,1,55,732671638,120421257.8,97303813.85,687257503
Kadeem Larsen,ornare.lectus.ante@lectusNullam.net,USA,0,44,814452772.2,15856672.35,131424543.3,669337918.7
Todd Maldonado,dui.semper.et@aultricies.net,USA,0,58,441587852.7,104762313.2,132201758.7,606678771
Victor Yang,arcu.Vivamus.sit@egestasSed.com,USA,1,42,474032755.2,73846599.95,55720522.41,353210321.9
Quamar Cummings,mauris@convallisconvallisdolor.co.uk,USA,1,57,728887069.5,123887109.2,154007621.4,783972097.8
Dominic Hughes,cursus.vestibulum.Mauris@pedenonummy.com,USA,1,43,657966266.3,56433971.19,76083848.98,495325746.6
Lamar Hensley,erat@pedeac.co.uk,USA,0,35,833119232.8,118852354.9,57070949.99,484156071.3
Solomon Atkinson,Aliquam@laoreet.net,USA,0,43,384029086.3,133156896.1,184667002.2,497484914
Dean Snider,tempus@sit.ca,USA,0,35,484875271,93521927.91,133864950,403207337.8
Vernon Kidd,sapien.imperdiet.ornare@vitaeerat.edu,USA,1,34,751771731.5,79359513.08,96026064.78,493055974.4
Dolan Clayton,justo@est.ca,USA,0,48,515820571.9,116022493.5,95343148.66,489550113.7
Marvin Deleon,lectus.Nullam@congueelitsed.ca,USA,1,53,618650379.3,45045923.77,161744982.6,693980994.2
Merrill Bailey,natoque.penatibus@nislsem.net,USA,0,47,614667924.3,67730371.03,137490160,600382543.9
Adrian Brock,Cras.lorem@nonvestibulumnec.net,USA,0,54,562384509.3,68484311.2,136975781.9,639543310
Rigel Craft,diam.eu.dolor@Proin.com,USA,0,51,571929990.3,24482022.46,95246550.95,550635380.1
Chaim Lewis,luctus@ut.org,USA,0,59,631455964.8,94164121.88,152123974.3,752094928.2
Kyle Evans,magnis@vitaenibh.org,USA,0,49,610733001.8,57997480.19,12466329.98,435109806.7
Ulysses Craig,sit.amet@orci.ca,USA,1,51,826755275.5,79038558.31,39018571.34,615131464.5
Nolan Nixon,arcu@etultricesposuere.co.uk,USA,0,40,601354297.8,129511934.6,132534601.4,513934098.5
Oren Rosario,ultrices.Vivamus.rhoncus@lacusMauris.net,USA,1,53,658909934.4,171567512.1,79238820,602123622
Hector Bowers,eget@Morbiquisurna.co.uk,USA,1,45,557517472.1,75577489.75,68061702.8,446686005
Tate Molina,erat@sitamet.ca,USA,0,45,594356187.9,116867252.1,63406060.68,464474449.1
Julian Alexander,Integer.id.magna@consequatenimdiam.co.uk,USA,0,37,601207804.8,138957999.6,117488391.6,468106051.4
Lucian Medina,rutrum@temporbibendum.com,USA,0,43,450574112,84339519.06,84695031.23,386976239.3
Todd Bass,Lorem.ipsum.dolor@et.edu,USA,0,48,479207262.8,137548669.6,163936398.5,567912680.1
Mannix Snow,elit@euismodenim.net,USA,0,49,514536304.3,92053145.85,135710012.7,557056982.7
Benedict Serrano,blandit.viverra@mollisDuis.co.uk,USA,1,48,463599546.9,70862596,93896805.03,460314191.5
Yoshio Potter,fringilla.cursus.purus@dolorvitae.ca,USA,1,45,464753104.1,115386045.6,68678386.61,390443733.4
Stone Koch,facilisis.Suspendisse@Duissit.ca,USA,1,43,344942502.3,56648947.11,119145145.1,381939255.3
Elliott Horne,sollicitudin.adipiscing.ligula@Sedeu.co.uk,USA,0,62,616409967.6,134481542.2,130954622,734256543.7
Tanner Johnson,blandit.at@vulputateullamcorpermagna.org,USA,1,46,426977334.5,65357704.2,40769236.83,343693694.5
Gabriel Carson,et@venenatis.co.uk,USA,0,51,595997503.6,120169990.6,60798860.9,518809359.5
Cain Love,est.mollis.non@placerat.com,USA,1,44,560975411.4,41094422.1,61427280.94,428020151.3
Barry Larsen,Praesent.eu.dui@bibendumsed.com,USA,0,57,645297141.6,57764336.16,73832558.3,626696690.7
Lawrence Ryan,condimentum@duilectus.co.uk,USA,0,60,482155218.2,141700592.6,59478592.15,537012820.2
Allen Burke,eu.ultrices@In.edu,USA,1,39,542821824.6,114897015.7,119325535.9,449731327.1
Nero Morgan,non.sapien@seddictumeleifend.edu,USA,0,61,302940868.7,119219122.6,135837906.5,559891772.2
Reuben Holden,pede.nonummy@Vivamusnonlorem.co.uk,USA,1,50,881259110.3,100907146.4,88384414.43,703395608.1
Orson Hyde,gravida.sit@eget.net,USA,1,37,652280535.2,147600798.9,87807819.46,454708851.3
Nolan Conner,feugiat@felisNulla.org,USA,1,45,456272010.6,127891041.6,19977670.69,324823347.9
Stuart Reed,elementum@SeddictumProin.net,USA,1,50,461725919.3,106032251.6,147958383.8,556018760.2
Rashad Harper,auctor@arcuimperdiet.ca,USA,0,32,711611694.5,75986096.8,131438266.4,494726133.4
Dieter Delaney,sit.amet.risus@ipsum.ca,USA,0,34,499137499.1,87796302.22,110989462.8,365590347.7
Hop Farley,in@et.co.uk,USA,1,45,547177032,138878378,105095543.2,494877424
Darius Herring,imperdiet@sem.edu,USA,0,50,496856296.7,47544505.37,4672000,371858792.3
Baker Saunders,Aliquam.nisl@hendreritidante.org,USA,0,51,248927790,49672802.03,50540607.56,309511989.6
Kermit Fuentes,ac@sedpedeCum.org,USA,0,53,485190497.8,64847886.73,44656949.36,445858724.7
Marvin Garner,in@sed.org,USA,0,34,619940896.6,70961737.15,127029278.9,460582185.7
Sebastian Marks,et.eros@feugiatmetussit.net,USA,0,56,311225164,102712367.3,84927895.67,440503217.8
Hector Price,Aliquam.nisl@semegetmassa.co.uk,USA,1,57,698410027.5,139585401.3,82345845.72,667224852
Holmes Irwin,Nunc.sed.orci@Namligulaelit.net,USA,1,48,635445859.1,92054187.04,86045173.28,542575106.9
Trevor Faulkner,ut@vitaesodales.net,USA,0,40,682455138.7,122616237.6,96020306.64,512227109.8
Gannon Nguyen,et.rutrum.eu@congue.net,USA,0,50,687379465.9,134754337,120883349.9,649322780.7
Quentin Randall,Fusce.aliquet@egetmassa.co.uk,USA,0,47,525811002.4,66774023.41,104126161.5,496213386.7
Baker Norton,convallis@purus.net,USA,1,39,657579542.5,81362987.76,93235471.26,477468951.7
Hakeem Mendoza,Maecenas@scelerisquelorem.ca,USA,1,36,462939126.5,112795319,22824329.93,241229540.6
Peter Maynard,vel.est.tempor@egetvenenatisa.com,USA,1,44,405875114.7,123038592.9,110516400,413925248.1
Devin Humphrey,sodales.Mauris@ametornare.ca,USA,0,47,412080959.6,8610813.915,94736519.46,421797427.6
Isaiah Harding,pede.blandit@disparturient.net,USA,1,33,748383729,130105501.6,73626881.67,445969318.3
Graiden Powell,pellentesque.tellus@faucibusidlibero.com,USA,1,42,617544947.6,117333367.9,84728361.58,479183962.8
Chancellor Padilla,pharetra@nuncsedlibero.edu,USA,1,47,321242038.1,107511120.8,59783489.69,325754639
Philip Barnes,senectus.et.netus@nibhDonecest.net,USA,0,40,681011005,73982530.66,97368560.36,510702038.5
Cameron Cash,auctor@ipsum.org,USA,1,54,804929568.8,70087273.5,64983276.75,670791382.3
Eric Green,arcu.vel.quam@magnaPraesentinterdum.co.uk,USA,0,38,607648301.6,130469831.3,116435950.4,480095550.2
Tanek Koch,blandit@nunc.org,USA,0,40,668206663.1,43929098.34,143361848.2,572913972.2
Alan Browning,purus@Sed.ca,USA,1,45,574664181.6,46539364.55,83544478.2,481981382.1
Phelan Montoya,magna.tellus.faucibus@etmalesuadafames.co.uk,USA,0,51,844978194,115987370.1,127692891.4,753887508.4
Chancellor Patel,metus.eu.erat@suscipitnonummy.com,USA,1,38,400448222.6,95506461.85,99749885.33,339328472.1
Palmer Cohen,non.leo@mollis.net,USA,1,34,564548375.9,91919006.4,79578952.98,358807446.2
Ahmed Wright,consectetuer@auctorodio.com,USA,1,50,524757861.8,80624087.53,49468362.26,452753160.5
Burton Carroll,rhoncus.id.mollis@Maurisvel.org,USA,0,42,555850474.9,106684770.3,96945251.72,459388430.8
Nero Miranda,semper@vulputateposuere.net,USA,1,33,539118698.6,64514904.33,111759565.4,380866750.7
Ali Strong,dis.parturient.montes@eratvel.com,USA,1,56,581704756.3,106813409.9,143253370.2,677972170.8
Nasim Ryan,est.congue.a@convalliserat.net,USA,0,57,653375595.9,91671673.14,81796871.28,635243398.5
August Duncan,tempor.bibendum@Nuncpulvinar.co.uk,USA,1,37,638936857.4,67010179.35,75430715.27,427934256.4
Kieran Gilliam,ac.nulla@consectetueripsumnunc.co.uk,USA,0,51,345412907.7,48635597.77,121704954.9,461618493.5
Stone Hunt,convallis.erat@eratvel.org,USA,0,63,371138043.1,90484828.05,58797614.25,501987084.3
Malachi Henson,adipiscing.elit@Nunc.com,USA,1,53,693606224.3,54355485.61,145540621.4,710912123.1
Seth Massey,in.aliquet@fermentumvel.com,USA,1,51,421840014.5,22601868.39,143821088.5,541723624.7
Ulric Robles,fringilla@ornare.edu,USA,1,48,855272316,85787894.07,78408452.83,660853271.5
Gannon Marquez,Aliquam@porttitor.net,USA,1,41,615675413,112376361.2,108066597.4,499604475.6
Marshall Armstrong,ipsum.cursus.vestibulum@a.com,USA,0,39,658822425.1,60229414.86,69670279.83,442434357
Christian Huffman,dignissim.Maecenas@tinciduntnuncac.co.uk,USA,0,45,542988831.2,93697282.27,126917997.5,528034408.6
Gil Sanders,eu.ultrices@cursuset.net,USA,0,70,461135499.3,116228674.9,80955288.09,656759540.3
Otto Thomas,orci.tincidunt.adipiscing@erat.edu,USA,0,51,592297308.4,87343072.98,110904746.5,589315794
Moses Blackburn,et.malesuada.fames@musProin.edu,USA,0,51,727356119.6,55780564.73,54337086.47,580744910.4
Drake Chen,enim.commodo@consequatenimdiam.com,USA,0,42,297157355.1,144531005.9,137125665,370220922.5
Christian Hernandez,dolor@vehiculaPellentesque.co.uk,USA,1,50,495828170.8,88441801.88,147112934.5,574889854.6
Jelani F. Pace,Morbi@atarcuVestibulum.co.uk,USA,1,40,588301704.2,34179073.91,155211174.2,539485594.4
Tiger I. Melton,rhoncus@nisl.net,USA,1,44,491446765.9,83352077.58,81063365.81,421495361.2
Quail D. Horne,sit.amet@FuscemollisDuis.org,USA,0,52,518829455.1,72818475.99,75254322.74,505324099.9
Hammett A. Manning,sapien.cursus.in@netus.edu,USA,1,41,694463417.2,107875861.9,64330886.78,474913275.4
Lamar V. Guthrie,vel@arcuVestibulumante.com,USA,0,57,436820601.4,138456672.5,141887476.3,603664548.3
Abra D. Golden,odio@Duis.com,USA,0,54,618947764.6,143460840.3,35510085.66,520052243.5
Vaughan L. Mathis,eu@iaculis.org,USA,1,50,555263849,105614136.6,114567814.4,566700771
Alfreda V. Harrell,molestie@mi.net,USA,1,37,652312875.6,152361293.1,144763653.4,535005972.7
Nora X. Decker,non.enim@diam.org,USA,0,52,614416952.2,79345381.02,133517535,640652525.1
Jeanette Q. Leach,vitae@nisl.net,USA,0,43,351987044.4,83013130.29,114742772.9,379348267.7
Keiko O. Whitaker,est@porttitortellus.com,USA,0,52,529110974.1,90507098.78,61005299.01,493004501.1
Hector F. Leblanc,Curabitur@maurisaliquameu.net,USA,0,64,570262211.1,109069931.4,70045945.46,643870890.1
Emerald R. Cohen,in.consequat.enim@consectetuer.edu,USA,0,51,607498687.2,30348261.01,86721720.37,560458032.8
Cathleen E. Ortega,lectus@aliquamenim.org,USA,0,55,384443578.3,104718353.4,108789831.2,506980805.2
Velma K. Moses,augue.scelerisque@luctuslobortis.com,USA,1,47,703767228.3,100390001.8,45884118.51,520664596
Lael W. Sheppard,eu.metus@sodalespurusin.net,USA,1,36,635469012.9,121457725.4,92690955.39,440856260.5
Indigo P. Dejesus,quam.Pellentesque.habitant@felis.com,USA,0,39,751296695.5,81640426.61,111860135.9,558365390.7
Quinlan S. Cantu,pede.Praesent.eu@Aliquam.net,USA,1,45,694653015.8,81562998.61,65266319.5,523809287.5
Mariam I. Montgomery,vel.mauris@accumsanneque.co.uk,USA,1,47,649277240,131646741.6,89630732.48,544793344.7
Pamela M. Cantu,posuere.enim.nisl@lectusNullam.ca,USA,0,47,577793839.7,91870743.5,193988534.2,660667365.2
Hanna C. Martinez,Maecenas.mi.felis@amet.co.uk,USA,0,60,471716419.1,100509753.4,26192927.17,486745851.3
Lynn S. Avery,dui.Suspendisse.ac@Sedegetlacus.net,USA,1,59,757093455.3,125629111.1,77429166.42,713863723.4
Laurel H. Snow,dui.Suspendisse.ac@tacitisociosqu.org,USA,1,36,661698070.7,186880000,78445126.55,435705662.7
Keegan Q. Ramirez,aliquet@volutpatNulla.edu,USA,0,47,563220001.7,112747186.8,119029264.9,547701668.9
Shad K. Hancock,sit.amet@Proin.org,USA,1,38,777028955.3,126162002.1,177988136.9,659426407.6
Harding E. York,quis.lectus.Nullam@egestas.org,USA,1,42,570579420.3,101244644.8,144954028.9,531553264.7
Indira A. Aguilar,erat.Sed.nunc@aneque.ca,USA,1,33,401432283.6,40134585.57,125995882.8,322665156
Bell K. Romero,non.sapien.molestie@rhoncus.edu,USA,1,39,666405754,89935148.47,132174319.8,541829387.7
Cassady L. Foreman,magna.Suspendisse@tincidunt.edu,USA,0,39,593734893.1,90001173.51,17346628.59,338744021.7
Samson N. Wagner,magna@sagittisaugueeu.org,USA,1,55,694487736.4,101043741.2,54699560.92,599834699.8
Wade O. Diaz,vel.sapien.imperdiet@dolorsit.co.uk,USA,0,45,593869986,125409264.6,83772681.88,490690811.9
Len B. Finley,dis@dis.edu,USA,1,51,593760846.7,46828531.91,131633287.8,615003445.1
Emerald U. Hanson,dui.quis.accumsan@pedeCrasvulputate.co.uk,USA,0,49,754446236.5,64680596.12,11357707.04,518974140
Cody G. Gill,sagittis.Nullam@acrisus.com,USA,1,46,582586012,150695978.5,115628621.3,537917757.6
Kyle R. Kaufman,Morbi.vehicula@mattis.org,USA,1,53,677444314.9,89112790.69,127533219.1,680189641.8
Drake D. Gray,orci.consectetuer@porttitor.com,USA,1,39,495740319.4,163165629.4,171566047.6,502126617
Honorato M. Butler,Cum.sociis.natoque@purus.ca,USA,1,43,690984004.7,137447046.6,132906194.1,592201474.4
Tate C. Foster,dignissim.magna@Maurisvel.edu,USA,1,70,333955106.9,63637831.58,58918660.61,549071864.1
Zelenia L. Lowe,Nunc.mauris.elit@Curabiturvel.edu,USA,0,51,555523204.4,39233952.81,120064485.5,576991654.4
Callum U. Sweet,sem.ut@odio.edu,USA,0,52,611992275.5,69493299.85,39409099.87,502206917.7
Zane I. Boone,blandit@Cum.edu,USA,1,45,585129021,5905901.853,106425776.6,519000615.3
Timothy J. Terrell,orci@lobortis.com,USA,0,48,557906148.6,76931775.04,114957598.4,541081952
Zahir A. Estes,eleifend.vitae@Pellentesquehabitantmorbi.ca,USA,1,48,505462865.4,86364498.9,137057201.3,547169812.2
Michelle W. Ryan,ante.lectus@duiCum.net,USA,0,48,862729973.3,90200107.97,77915806.68,659909511.6
Serena B. Moody,vitae.risus.Duis@hymenaeos.edu,USA,1,57,331640742.8,87827460.76,109088457.6,499597505.7
Mark V. Vaughn,Morbi.vehicula@ac.net,USA,1,46,751068503.4,73848761.77,97823388.62,611027332.2
Anjolie A. Galloway,consequat.nec.mollis@nec.ca,USA,0,44,509187711.2,97756766.91,58209098.53,398750963.7
Kylee O. Warner,cursus.in@neque.co.uk,USA,1,65,675820969.5,46957015.4,66574070.81,709714728.6
MacKenzie O. Fowler,Aliquam.nec.enim@nec.co.uk,USA,0,57,665386203.8,43772495.31,168291003.3,772733556.9
Lana S. Pace,augue@orci.com,USA,1,47,483983344.9,53253182.9,29195106.1,364598699.7
Wilma L. Stevenson,non.vestibulum@consectetuer.ca,USA,0,36,671506117.5,91788158.03,147775470.2,538859980.8
Sandra J. Huber,enim@famesac.org,USA,0,57,541082327.7,97873184.83,145646702.2,665446754.7
Octavius C. Spencer,Curabitur.consequat@miDuisrisus.com,USA,0,33,572870717,112356783.8,31121608.01,282469989.3
Brendan G. Kelley,vel@lorem.org,USA,1,43,621042956.3,65777461.97,142716084.1,573249954.8
Shaeleigh M. Mckenzie,diam.lorem.auctor@estmollisnon.net,USA,1,46,497469592.6,174668761.1,74029392.06,433256989.5
Rooney R. Padilla,eu.turpis@accumsansed.co.uk,USA,0,45,650076431.4,144241456.2,72052952.85,506930292.3
Damon K. Boone,nec@ad.net,USA,1,43,489478673.7,71310491,35713551,339796091.2
Taylor A. Patel,erat.vitae.risus@temporarcu.edu,USA,1,38,721214177.8,52457262.5,133956044.8,564718242.2
Lillith H. Larsen,dignissim.lacus.Aliquam@maurissapien.com,USA,1,40,641584744.3,64354448.12,31346421.73,388488486.7
Tobias L. Sullivan,tempus.non@nasceturridiculus.ca,USA,1,43,580742594,57281571.61,99627771.04,482701293.5
Quincy Q. Ayers,nisl.Nulla@Donecelementumlorem.net,USA,0,42,671816655.7,112359031.4,134436979.6,576245838.2
Ulysses X. Burch,Sed.nunc.est@arcuMorbi.edu,USA,0,51,723791250.2,127623547.7,67008110.36,600416850.7
Jorden I. Whitley,turpis@orci.com,USA,0,38,426366010.4,54455153.31,112054645.5,364999860.2
Heather G. Goodwin,semper.egestas@maurissapien.co.uk,USA,1,41,707616675.3,138504210,78692298.15,509235968.8
Yardley W. Jacobson,enim.non.nisi@Ut.net,USA,1,54,406954528.5,94643144.09,143283907.5,564144240.3
Gray F. Walker,lobortis.Class.aptent@iaculis.com,USA,0,45,701937237.2,72763638.77,137746831.9,630877399.1
Piper S. Houston,risus@enimconsequat.org,USA,0,41,694205008.7,126899719.1,47353086.23,451720033.2
Chester X. Carrillo,tempor.erat.neque@ac.com,USA,1,40,479801175.4,84527516.1,120375361.1,433057316.9
Nathaniel P. Stephens,Cras.dictum.ultricies@conubia.ca,USA,0,32,612855461,106510619.5,133628050.1,443230902.6
Jennifer C. Williamson,rutrum@fermentumconvallisligula.ca,USA,0,54,499633909,104769019.8,53510880.27,482618447.5
Rae C. Hodge,lacus@massaSuspendisse.ca,USA,0,55,678282527.2,90117369.47,182007945.1,781262783.5
Urielle M. Contreras,elit.Aliquam.auctor@dolor.org,USA,0,35,240380603,80083794.44,49328991.8,146431440.7
Mechelle W. Stanton,Pellentesque.habitant@auctorquistristique.org,USA,0,46,473506746.5,47237991.27,102431702.2,461933843
Leila F. Hubbard,ultrices.posuere.cubilia@magnisdis.com,USA,1,45,716345223.1,105732931.5,121800030.1,615642077.3
Tanisha H. Foster,sem.vitae@malesuadafringillaest.net,USA,0,50,475897655.2,79437990.58,189588367.6,624914776.3
Hammett F. Marsh,tempus.scelerisque@maurisaliquam.ca,USA,1,54,527575884,91780750.34,129053260.5,608725484.4
Calvin A. Lancaster,ante.bibendum.ullamcorper@fringilla.net,USA,1,29,657928408.8,59379567.27,143221277.5,452082090
Rachel H. Ballard,ipsum.leo.elementum@amet.org,USA,1,56,629989392.5,133620378.7,47321898.34,560932296.9
Solomon P. Randolph,orci.luctus.et@lacus.com,USA,0,54,774741535.9,64595603.02,92902752.8,694772090.2
Kasimir Q. Cherry,risus@in.net,USA,0,33,586600620.8,83233191.66,118177610.2,419448020.5
Dominic I. Faulkner,pharetra.Nam@sociisnatoque.org,USA,0,48,615394651.6,81984905.54,49190017.3,479280430.5
Pascale I. Key,urna.suscipit@enim.ca,USA,0,49,594394351.4,120053586.5,135866544.7,604208436.3
Nola L. Sweeney,eu@necmaurisblandit.co.uk,USA,0,55,582213823,81593147.51,112481555.3,619295333.4
Clementine X. Powell,quis.pede@Aliquamfringilla.ca,USA,0,42,451986387.7,64781487.66,86748690,383431446.1
Quinlan U. Sears,magna@velarcueu.ca,USA,1,41,539821812,54584022.94,31850497.29,343598116.3
Odette Q. Sherman,Mauris.molestie@Intincidunt.co.uk,USA,1,53,582496967.8,107437685.1,158716056.8,671150455.3
Kirestin F. Yang,eleifend.egestas.Sed@tempus.net,USA,1,53,372652684.2,46487750.76,185475273.4,589158171.5
Colleen S. Mcguire,tincidunt@Proinsedturpis.edu,USA,0,44,615386934.9,36748439.81,82677942.76,485600057.5
Dennis N. Thompson,vitae.erat@urnaNullamlobortis.ca,USA,0,42,579141797.9,61856622.9,147264072.6,542097740.8
Lester J. Burch,Nunc.mauris@commodo.com,USA,0,41,708460227.5,28657486.65,114908818.8,556086168.7
Madeson R. Salinas,Cum.sociis.natoque@acnullaIn.edu,USA,0,48,861081026.9,128029617.9,191318908,827858504.8
Abigail X. Lindsey,dui@nondui.ca,USA,0,63,393694227.2,5980584.012,146271871.2,648746736.4
Rachel E. Suarez,non.vestibulum.nec@euturpis.co.uk,USA,1,59,668902784.9,74279788.34,55881248.46,628953464.2
Derek X. Richards,tincidunt@porttitor.com,USA,1,45,629612768.9,90554896.29,51693573.35,466088252.4
Evangeline G. Cooper,Integer.id.magna@Sedidrisus.org,USA,1,47,691259905,65301971.36,51938865.59,522521280.1
Kieran G. Justice,in@Sed.co.uk,USA,1,49,676211591.9,129424787,62316415.43,548226194.9
Zenia H. Patel,dis@tortor.com,USA,1,40,521083287.3,113866245,37312431.67,332188692.1
Michelle R. Burke,dui@justo.ca,USA,1,41,558480692.7,31127711.56,91612731.51,445568659
Florence U. Hunter,diam@tellus.org,USA,0,47,442110908.2,101680483.1,137323775.9,499291258.4
Jelani A. Wall,aliquet@Duisa.co.uk,USA,0,27,496718421.2,101746208.1,141760433.2,346555333.8
"England, Abel D.",enim.commodo@parturientmontesnascetur.org,USA,1,46,812731554.5,70315955.66,159846310.9,736286225.3
"Oconnor, Linus Q.",Donec.elementum@Fuscemilorem.co.uk,USA,0,51,808859171.2,9957037.312,134850898.2,738745538.8
"Herman, Griffith P.",ligula.Nullam.enim@nibhlacinia.edu,USA,0,43,715377191.7,101641156.2,52716542.09,494315884.8
"Knapp, Quamar P.",Maecenas.libero.est@miacmattis.com,USA,0,32,713569466.7,77121483.82,146113083.8,519331402.6
"Chambers, Avram C.",Nunc.pulvinar.arcu@ultricesaauctor.ca,USA,1,63,734400604.8,98254788.93,110839851.6,783637278.6
"Cervantes, Rylee Q.",luctus.lobortis.Class@sitametdapibus.co.uk,USA,1,35,399592383.9,67600776.03,64418116.17,258024262.8
"Ashley, Macon Z.",metus.Vivamus.euismod@arcuVivamus.co.uk,USA,1,50,340595228.9,56557781.58,135305801.2,467458993
"Jimenez, Joel G.",faucibus.lectus.a@ut.net,USA,0,51,719208747.7,80663939.52,110437114.6,654916448.8
"Bond, Caryn Y.",libero.Proin@acnulla.net,USA,1,54,466542782.1,86402222.16,129885097.1,577483974.1
"Gross, Cedric D.",aliquam.adipiscing@maurissapien.edu,USA,0,37,770442379.4,118762268.9,73597716.22,496373470.3
"Dyer, Aline L.",convallis@scelerisque.net,USA,0,44,631771270.2,103093872.9,34984199.52,433150186.1
"Rivers, Sonya A.",vel.lectus@Praesent.net,USA,1,57,504851777.6,48922940.51,116303891.5,605800570.4
"Frazier, Kai O.",Cras@quamelementum.com,USA,0,47,417549558.3,133705269,85230995.78,417166516.3
"Bond, Nyssa S.",fringilla.euismod.enim@aauctornon.net,USA,0,52,296338217,107388178.8,135268255.6,465949462.5
"Rush, Jarrod T.",vestibulum.nec.euismod@netusetmalesuada.ca,USA,1,52,509274895.8,111499511.4,16310334.54,417923967
"Stephens, Tanner E.",egestas@turpisnecmauris.com,USA,0,48,633501573.9,73634678.71,57042316.99,500677364.8
"Cameron, Kimberley P.",nec.tellus@lacinia.co.uk,USA,1,55,823338907.1,92263359.86,233600000,934400000
"Mcdowell, Victoria J.",risus.Duis@ornareFuscemollis.net,USA,0,47,708504815.1,104021080.1,178870230.3,706955101.6
"Dalton, Grant D.",velit@doloregestas.net,USA,1,45,887371194.8,87060121.9,115303132.4,697981995.2
"Gregory, Reuben Z.",fermentum@blanditviverra.ca,USA,1,40,672054459.9,62780999.96,71307162.89,462600953
"Schultz, Lee I.",velit.eget.laoreet@quis.ca,USA,1,47,640125692.4,81926169.46,184073129.7,684935178.8
"Wise, Mechelle E.",est.mollis@dui.ca,USA,0,45,781852606.7,104167876.8,99814389.83,618851883.2
"Mcclure, Avye L.",dictum@lorem.org,USA,1,49,605291769.4,69183730.54,121896155.8,591789178.6
"Livingston, Blaze Y.",montes.nascetur@liberoet.co.uk,USA,0,60,537227499.9,119498694.2,145375061.6,696420305.8
"Fuentes, Dora E.",nonummy@ornareelitelit.org,USA,0,34,429412500.8,87313361.31,67910292.13,264321434.7
"Thompson, Alvin R.",interdum.ligula@Phasellus.edu,USA,0,36,632935680.8,71636059.12,120710037.1,480490608.8
"Armstrong, Hedda N.",magnis.dis@aliquam.org,USA,0,51,612068301.9,107963120.4,126792821.5,624838907.8
"Casey, Sylvia E.",Integer.vitae.nibh@a.org,USA,0,42,506116329.7,97126885.07,92975505.18,426833177.4
"Shaw, Rooney Q.",Curabitur.vel@Nullam.net,USA,0,48,401611540.1,105704096.7,150049479.9,508126410.4
"Sexton, Shaeleigh H.",Cras.convallis.convallis@Fuscealiquam.net,USA,1,35,320709777.7,82490368.61,168156255.1,363793581.9
"Langley, Skyler J.",mi.eleifend.egestas@cursuset.net,USA,1,44,381495464.3,86389641.65,87548069.06,368224255.9
"Caldwell, Yolanda F.",ac.facilisis.facilisis@necmalesuada.com,USA,0,48,434203016.4,70214488.52,37489763.34,363057647.7
"Olson, Riley O.",ornare.sagittis@hendrerit.ca,USA,1,47,623528195,79534398.62,83211374.93,529879080.5
"Irwin, Dillon J.",arcu@dictummiac.edu,USA,0,31,333107581.3,100499470.7,143832201.9,294954248.2
"Terry, Mollie K.",quam.dignissim.pharetra@aauctornon.ca,USA,1,45,512108980.7,84565854.47,96718484.8,465898823.4
"Hudson, Maxwell F.",metus.eu.erat@non.org,USA,0,49,645578547.7,108707653.6,121719875.6,610171710.7
"Levy, Irma P.",lacus.varius@sitamet.ca,USA,0,61,446694814.7,114506416.4,13929586.2,466167623.5
"Brady, Oscar Y.",erat@urnaUttincidunt.com,USA,0,51,690042540.4,59375257.85,39645252.42,535618562.6
"Dudley, Ryder M.",sed@sedtortor.co.uk,USA,1,35,513505961.8,82709022.79,89994567.33,360048953.5
"Morales, Halla M.",elit.elit.fermentum@erosturpisnon.org,USA,0,53,352471818.8,79676608.32,106239347,460458232.6
"Holloway, Brennan Q.",fringilla.purus.mauris@risusatfringilla.ca,USA,1,42,596062452.7,106499978.1,43993323.41,405048760.8
"Powers, Naomi B.",Cras.eu@vitaevelitegestas.net,USA,1,39,335740743,50429863.29,75427519.5,274689303.6
"Armstrong, Naomi D.",nunc.sed.pede@Quisqueporttitor.net,USA,1,38,430051776,43724703.54,87752808.79,335609473.4
"Flores, Caldwell U.",ut@Etiamvestibulum.ca,USA,0,41,930063337.1,50498691.59,120471665.8,690244431
"Russo, Fleur N.",erat@at.edu,USA,0,44,669198158.3,72565274.91,129879990.1,586205956.3
"Reese, Sylvia H.",Proin.nisl.sem@Maecenasmalesuada.co.uk,USA,1,43,465123896.8,134887583.1,96227506.54,416498549.3
"Burke, Simon H.",lacinia@Nullam.com,USA,1,39,499619050.8,70618748.92,199560639,541932751.8
"Mayer, Paki D.",Nunc.lectus.pede@egestasrhoncus.com,USA,0,33,491377304.2,76654089.21,125576850.5,377161096.6
"Bush, Jessica C.",dolor.sit.amet@iaculisneceleifend.ca,USA,0,47,512171675.5,74251497.32,160142529.5,573246161
"West, April J.",ante@nisi.org,USA,0,45,592393008.5,34854238.66,142033385.8,576394964.4
"Levy, Wesley S.",facilisis.vitae.orci@sociosquad.co.uk,USA,1,51,583374764.2,123569276.4,44971420.63,483874344.3
"Nieves, Bertha O.",dolor@velitegestas.org,USA,0,42,299141088.7,142808253.3,74946824.78,282912952.6
"Patrick, Merritt L.",ut@nonummyut.net,USA,0,55,544799642.1,60879306.85,53362194.27,518873217.1
"Mcdaniel, Marcia Z.",non.nisi.Aenean@etmagnis.co.uk,USA,1,62,645987684.9,89332828.02,93887600.52,705355972.7
"Ortiz, Drew P.",tincidunt@vel.edu,USA,0,52,426915704.4,107658007,111021501.3,499833840.6
"Oneill, Tiger A.",orci.Phasellus@ut.org,USA,0,51,694022524.6,113294354.1,43875007.98,548209300
"Sims, Tashya J.",aliquam@anteNuncmauris.ca,USA,1,63,603294537.7,81905991.67,95467615.2,685231361.8
"Lawrence, Hope Z.",metus.vitae@Morbisitamet.ca,USA,1,46,484956371.9,146208880.4,90846588.92,444339911.6
"Jenkins, Hasad P.",adipiscing.elit.Aliquam@Utsagittislobortis.co.uk,USA,1,47,500081431.5,89939733.73,88166390.23,458680363.8
"Rodriguez, Basia D.",Vestibulum@lobortis.org,USA,0,58,708624980.2,103291143.5,55227938.48,637800272.2
"Blair, Abra U.",montes@Loremipsum.edu,USA,1,37,674859399.5,87684727.89,85574160.81,456500450.5
"Rosario, Elijah N.",In@non.com,USA,1,51,670820024.9,96796138.58,59143310.27,560454526.6
"Beach, Victor S.",consequat.auctor@lacuspede.co.uk,USA,0,36,719226797.7,96001522.86,128794037,538247220
"Ruiz, Rafael L.",sed.pede@volutpatNulladignissim.net,USA,1,32,485334225.6,99923680.5,128296022.9,361660431.5
"Macdonald, Rahim B.",augue.eu@nisi.edu,USA,1,32,555289154.4,107626918.1,137632552.8,417290810.9
"Valdez, Joy U.",lobortis.quam@velarcueu.org,USA,1,43,630383595.5,144445986.9,140320060.7,573081108.5
"Watson, Moana M.",ipsum.Suspendisse@diamDuismi.org,USA,0,51,832532754,89669818.32,6514810.89,571804423.3
"Cote, Evangeline F.",lorem.tristique.aliquet@estNunclaoreet.net,USA,1,43,483483732.3,67980540.82,101019743.6,434298642.2
"Delgado, Jasper U.",lacinia@posuere.ca,USA,1,58,602502642.8,88904843.14,32143790.76,545578934.2
"Hardy, Hilary R.",egestas.Fusce@orciDonecnibh.com,USA,1,49,681034323.6,92029035.98,112237382.5,617750090.8
"Stafford, Berk Y.",Quisque@ultriciessem.net,USA,0,43,554598415,94637107.49,14518226.06,347534460.5
"Daugherty, Veda M.",venenatis.vel.faucibus@iaculisnec.net,USA,1,48,913858073.6,122862910.2,90528934.9,712022544.4
"Harmon, David N.",aliquet.diam.Sed@posuere.org,USA,0,40,555241071,26160579.95,118893637.1,466913057.7
"Houston, Grant O.",ut.aliquam@egetlacusMauris.ca,USA,1,35,702034019.6,118335410.9,84202766.79,450214982.3
"Collier, Xerxes Q.",eu@magnaLorem.org,USA,0,43,724067791.3,87516161.53,166377821.3,663008744.2
"Lewis, Jackson U.",pellentesque.a.facilisis@nonlacinia.co.uk,USA,1,57,641347836.8,129432351.9,153516877.4,736772569.6
"Smith, Nola H.",orci.lacus.vestibulum@gravidasit.co.uk,USA,1,47,541524799.3,25128986.95,200028678.8,650585739.8
"Jensen, Ebony Y.",ac@sagittisNullam.net,USA,0,32,607728713.4,79534588.81,123361246.5,424768715.2
"Kim, Claudia W.",sit.amet@dignissimmagnaa.edu,USA,0,44,589412323.7,150875420.4,174970269.6,612941110.3
"Livingston, Lucas K.",porttitor.scelerisque@Aliquam.ca,USA,0,50,716378108.3,111141501.6,67886121.7,587465163.5
"Bradford, Daquan F.",Nunc@euarcuMorbi.ca,USA,1,44,401657178.1,41311257.17,130349039.2,435194976.3
"Park, Quincy A.",amet.consectetuer@orciinconsequat.ca,USA,0,57,620657568.1,65493834.34,40476548.37,557322418.5
"Dillon, Lynn W.",ornare.egestas.ligula@urnaVivamusmolestie.com,USA,0,35,450686788.2,86163504.06,106782343,345037363.1
"Blackburn, Joel Y.",semper@tristique.co.uk,USA,1,53,730450964.3,74051756.8,127341424.1,707424760.2
"Sanders, Selma F.",velit.Pellentesque@Nullam.org,USA,1,41,489391168.9,96641340.08,104511118.9,421945705.2
"Solis, Melissa T.",placerat.eget@placeratorcilacus.com,USA,0,44,740544442.9,57366439.82,157490946.3,669309216.9
"Holmes, Ross Y.",velit@Pellentesquetincidunttempus.net,USA,1,63,555585971.9,89808151.9,59634670.91,606449858.3
"Sutton, Michelle D.",enim.Mauris@Namac.net,USA,0,50,522774969.8,96619767.03,29991420.28,418714326.8
"Munoz, Kennedy K.",dolor@nislelementumpurus.edu,USA,1,42,683624089.1,66294063.49,75086346.77,498786482.1
"Little, Hayley R.",nunc.est@purusmaurisa.co.uk,USA,1,41,777906072,108578288.2,146487442.9,644443876.9
"Church, Lareina E.",lectus.rutrum.urna@nisinibh.co.uk,USA,0,40,405611084,73259699.56,65802980.95,310686930.5
"Wolf, Tashya X.",nulla.Integer.vulputate@eutelluseu.edu,USA,1,40,681542743.4,36018626.81,178197616.1,630643416.8
"Barr, Hyatt D.",sem@odiovel.edu,USA,1,56,392101753.5,108878838,138998737.7,560298566.4
"Hopper, Orson W.",luctus@magnaseddui.net,USA,1,48,520058896.6,95082157.26,108887713.8,509734556.9
"Decker, Jolie T.",pellentesque.massa.lobortis@facilisis.net,USA,1,41,618849115.6,109468430.4,97352503.54,486819981.1
"Chaney, Reuben I.",Integer@vulputate.net,USA,0,61,572114596.1,104764881.5,154385542.6,737475793.6
"Ross, Kermit D.",Donec@lacusQuisquepurus.net,USA,1,35,570924711.6,92628893.53,68187233.97,359249436.8
"Hampton, Venus Q.",elit@faucibusMorbivehicula.net,USA,0,55,694585428,28907604.62,169132335.7,766117131
"Chavez, Ralph U.",Aenean@interdum.edu,USA,0,37,638969682.1,97760252.69,90703211.87,442341551.8
"Whitaker, Adena B.",pharetra.sed.hendrerit@accumsanneque.com,USA,0,48,576212052.8,121166301.7,80192702.15,501299988.9
Nola,elit@Fuscealiquamenim.ca,USA,0,32,557631101.5,75999043.79,30282884.17,263961676.8
Melodie,facilisi.Sed@tortordictum.com,USA,1,62,628535237.9,74767364.36,188065641.4,824595942.5
Seth,dignissim@nibhPhasellus.com,USA,0,49,594236532.4,110848472.6,69827713.57,505073360.6
Kyra,Etiam@diamluctus.org,USA,0,43,560879577.1,75065495.51,80372456.97,445458557.3
Caldwell,amet@congue.edu,USA,1,36,638494875.8,95203089.93,33074874.99,355303264
Benjamin,nisi.Mauris.nulla@vitaeodiosagittis.ca,USA,0,61,569952441.9,166983238.2,159831351.1,745989225.2
Florence,eros@faucibus.com,USA,0,46,587860141.1,59168094.55,106644192,526919203.1
Oleg,Aenean.gravida@mifelis.com,USA,0,57,535074738.3,160178710.1,47006865.61,518146700.8
Donovan,iaculis.odio.Nam@sedfacilisis.org,USA,1,36,323726253.3,46544978.9,66165162.28,228055483.8
Blaze,vitae.semper.egestas@montesnascetur.co.uk,USA,0,49,747841689.4,52095822,62261710.96,583901969.4
Illana,mi.pede.nonummy@euismodetcommodo.org,USA,1,63,690362045.8,75331033.54,85465545.83,721026422.6
Yvette,justo@pedeCras.ca,USA,0,49,639916626.9,102007096.1,35494657.76,487866392
Walter,metus.vitae.velit@CuraePhasellus.co.uk,USA,1,44,633977037,112944489.6,110353369.6,541981618.5
Dexter,est.arcu@in.org,USA,1,43,520157289.9,120337132.1,88040653.46,436559089.7
Cameran,tristique@ligulaAliquam.net,USA,0,48,515116090.6,153700077.4,27192798.75,394394370.4
Penelope,vestibulum@metus.org,USA,0,37,552832993.4,146387136.4,63402487.75,358197676.3
Hyatt,erat.Vivamus@ligula.co.uk,USA,1,49,807728822.7,117888166.9,55406456.04,608018924.6
Stone,neque.non@iaculisaliquet.edu,USA,1,40,281701792.9,16528362.75,147196032.2,359003252.1
Irma,placerat.eget.venenatis@elitpharetraut.edu,USA,0,42,602337194.2,97641232.27,82968965.89,460652816.8
Josiah,Phasellus@Aliquamadipiscing.co.uk,USA,1,30,668490338.8,16135311.57,129009719.8,445882532.2
Nathan,Nam.interdum.enim@et.com,USA,1,43,691157679.2,108416030.3,47889452.08,474089594
Stacy,aliquet.odio@fermentumvel.edu,USA,0,55,588013973.1,66549499.14,178143613.1,724495355.2
Kane,iaculis.quis.pede@adipiscingenim.net,USA,0,40,738694305.4,86508448.21,112797625.1,566074378.2
Reed,diam.nunc@lectusconvallisest.org,USA,1,38,719526091.6,70221584.74,69604452.02,468310181.7
Lani,odio.Phasellus@fringilla.co.uk,USA,0,43,848355498.8,128817780.2,62500875.52,578959809.6
Curran,risus@Sedmalesuada.net,USA,1,37,446985427.5,84634219.15,107775280.5,366852755.3
Rhonda,Sed.congue.elit@faucibusleo.ca,USA,0,41,773478684.9,67479258.03,85467582.21,557363496.1
Leroy,arcu.et.pede@Morbinequetellus.org,USA,1,42,498415122.9,74842821.9,92092103.99,417962073.6
Adrienne,mauris.Morbi@ligulatortordictum.net,USA,0,38,736533237.6,60854771.77,83504568.39,501136685.6
Aileen,venenatis.lacus@nuncQuisque.edu,USA,0,43,512115133.2,101168996.1,184571196.9,566676730.3
Rafael,nonummy.Fusce@sem.net,USA,0,44,548476417.1,75148061.64,140567622.8,532534239.6
Olivia,lacus.vestibulum.lorem@gravidaAliquamtincidunt.ca,USA,0,41,519308772.4,101255481.3,60314315.63,374480033.5
Hiram,ipsum.non.arcu@placeratorci.com,USA,0,46,357062240,73288757.58,91571967.7,376193822.6
Jelani,consectetuer.adipiscing.elit@vestibulumneceuismod.net,USA,1,46,538523532.9,77387709.48,47990635.97,414348040.2
Madeson,libero.et@Crasdictum.ca,USA,1,40,505089739.9,61563938.78,53351565.07,344788482.3
Uriah,molestie@commodoauctorvelit.co.uk,USA,1,45,784584907.8,84699796.37,118798485.2,647312218.8
Brady,massa@nec.co.uk,USA,1,58,333660552.8,76726769.56,98420112.89,492191056.9
Denise,montes@inconsectetuer.edu,USA,0,62,321730913.8,53834535.97,145432257.6,590306051.7
Lyle,nascetur@amet.org,USA,0,52,419361650.6,36660316.67,50735211.55,407893964.4
Victor,lectus.a@nonhendreritid.org,USA,0,44,670288210.2,79816626.74,74874810.11,512731832.1
Demetria,Donec.at@sedlibero.net,USA,0,44,608749070.8,64340204.84,62071550.58,457097153.1
Ora,bibendum.Donec.felis@liberoestcongue.org,USA,1,40,524837177.2,184010575.5,140442721.5,480602412.1
Trevor,Sed@Pellentesquetincidunttempus.edu,USA,0,33,485942744.1,122792491.2,66378705.06,281892035.1
Kristen,urna@vitaeodiosagittis.ca,USA,1,44,547439792.6,66678667.67,113895079.8,498795721.1
Aristotle,ac@non.com,USA,0,42,616271282,127350407.6,69505549.9,454370796
Camden,Aliquam.adipiscing.lobortis@loremut.net,USA,1,20,673058004.7,934400,115540109.6,334578204.8
Urielle,est.congue@Nunc.edu,USA,0,53,741404504.7,59728823.4,57282497.1,609116880.6
Jolene,erat.neque.non@elit.com,USA,1,56,757040329.2,134910936.3,145493537,778451569
Holly,accumsan@parturientmontes.net,USA,1,44,556498685.5,92608735.26,111760948.4,501180288.7
Wayne,molestie.orci@condimentum.com,USA,1,52,641086078.8,96055503.71,73557167.42,575217877.5
Judith,vel.nisl.Quisque@mollisPhasellus.co.uk,USA,0,43,427728581.7,60531894.39,47102371.9,318901037.7
Dennis,nunc.nulla.vulputate@dignissimmagnaa.edu,USA,1,49,619133570,36557331.2,98008426.39,559119566.9
Kaitlin,parturient@Nuncsollicitudincommodo.co.uk,USA,1,56,626782852.9,36841220.64,145137919.4,700615031
Harriet,amet.orci@tellus.net,USA,0,47,530483484.7,43528225.46,118568967.5,528770662.3
Tatyana,sem@parturientmontesnascetur.net,USA,0,25,376683211.7,106335587.9,37085952.36,105120000
Paula,Nam@enimmitempor.com,USA,1,45,595718615.3,72526712.65,117979390.3,537421399.9
Tamekah,ut.pharetra@ametultricies.net,USA,1,46,495828956,77336966.82,39589592.85,385056918.3
Brandon,non@purusaccumsaninterdum.com,USA,0,33,873144815.3,101051427.6,113427688.8,569810650
Veda,et.euismod@Duis.co.uk,USA,1,43,688078646.4,85215331.05,93604282.82,535230926.2
Seth,Nulla.aliquet@sedturpisnec.co.uk,USA,1,48,379900057.5,114029389.8,134800790.2,468392693.5
Kai,velit@molestie.com,USA,0,48,379835983.5,23593526.23,93308605.49,414139495.6
Piper,erat.neque@mattisvelitjusto.org,USA,0,40,325695938.1,90875538.27,118792373.4,345223344.6
Hillary,ut.mi.Duis@quisarcu.com,USA,1,39,534828636.6,112458504.7,120728525.3,446678967.4
Francis,Phasellus@estcongue.ca,USA,0,39,628825601.5,95898864.16,130102556.2,518949796.1
Rogan,pulvinar@porttitortellus.ca,USA,1,54,736422125.9,75788688.62,41552341.87,596222212
Kyle,a.feugiat@enimnisl.com,USA,0,53,542593822.5,89631695.33,132647920.8,614021865.2
Vaughan,Aliquam@aaliquet.com,USA,0,51,929882903.9,92292270.56,66652236.39,717201357.1
India,risus.at.fringilla@feugiat.ca,USA,0,55,231912425.2,101457388,51113725.24,332455353.3
Edward,rutrum.urna@faucibusidlibero.co.uk,USA,1,35,497291070.8,82579046.98,73099961.81,322206825.1
Laurel,felis@orciconsectetuereuismod.ca,USA,0,43,655001976.9,75875190.43,120306868.7,560400390.5
Igor,Proin.eget@aliquetnecimperdiet.org,USA,0,37,360882946.4,55439612.67,120797116.8,328965569.4
Diana,purus.ac.tellus@parturientmontesnascetur.org,USA,0,60,802690408.9,84769357.22,127146599.6,813739456.6
Todd,egestas.a@vel.ca,USA,0,44,613452259.8,73251488.12,135404090.5,561254962.6
Zephania,montes@sedsem.ca,USA,1,39,609423753.9,46080498.14,79734859.56,436414261.8
Brock,Vivamus.nisi@elitpharetraut.ca,USA,1,42,530280341.5,141552576.1,151682036.8,519769570.1
Avye,Cras@eros.net,USA,0,32,709167640.6,104321335.8,70371012.06,410426415.8
Serena,odio.Nam@estac.ca,USA,1,52,621908116.7,63251235.05,130138317.9,644354923.8
Barclay,diam.Proin@ut.edu,USA,0,56,485879340.6,40765258.71,101113857.1,565121507.5
Isabella,et.magnis@necmetus.ca,USA,1,41,551988991.9,121372653.1,79592313.12,418419119
Mia,sed.est@afelisullamcorper.edu,USA,1,51,435792126.1,61633151.92,62356991.19,426526852.3
Chester,Integer@odioauctor.co.uk,USA,0,58,567513310.9,108026672.2,98553935.23,620335084.5
Isaac,pretium.aliquet.metus@pretiumneque.com,USA,0,51,619087232.1,85419750.88,124237902.1,619617525.4
Heather,erat.Etiam@elementum.org,USA,1,29,497464586.6,100632549.5,64582602.5,250782607.7
Justine,orci.adipiscing@penatibuset.com,USA,1,53,585601750.9,133593538.2,57797760.16,525783136.9
Bert,sem.Pellentesque@quis.net,USA,0,43,743792524.5,96925391.98,144914990.1,646813603
Gil,Phasellus.fermentum@dictumplacerataugue.net,USA,0,62,597007969.8,158647360.5,84279992.73,660038352.7
Dolan,ipsum.Phasellus@egestasblanditNam.edu,USA,1,60,310892840.6,81940248.45,133442918.8,554142934.9
Cheryl,iaculis.enim@nislelementum.edu,USA,1,37,631665725,80465557.86,122129541.3,484599009.6
Courtney,porttitor.tellus@elitelit.org,USA,0,43,434597319.8,8346391.024,81100742.65,380225279.8
Neville,felis.Nulla@mi.ca,USA,0,42,569207098.3,5557857.444,116145280.9,490380409.7
Gloria,Curabitur.egestas.nunc@fermentumfermentum.ca,USA,0,55,602543264.1,64698854.25,155311765.6,695408550.2
Jonah,augue@risusNuncac.co.uk,USA,1,46,594272979.2,100087739.5,73847594.29,482996857.9
Merrill,dolor.sit@turpisIn.com,USA,1,50,767092754.4,94117280.97,68796621.32,616530779.4
Nolan,Donec.at@neccursus.co.uk,USA,0,55,695921677.1,91862590.7,122331827.8,702174489.1
Winter,egestas.urna.justo@maurissagittis.edu,USA,0,43,757129208.4,124358168.4,81663887.8,557844558.7
Rigel,egestas.blandit.Nam@semvitaealiquam.com,USA,0,52,753396798.7,62948207.7,155367158.9,749718977.5
Walter,ligula@Cumsociis.ca,USA,0,41,690287266,65369713.18,126534135.7,571168859.1
Vanna,Cum.sociis.natoque@Sedmolestie.edu,USA,1,38,504541335.8,114944812.2,84193901.48,367819722.2
Pearl,penatibus.et@massanonante.com,USA,1,54,654620927.6,99154854.5,178594516.4,749240334.1
Nell,Quisque.varius@arcuVivamussit.net,USA,1,59,431804050.4,130937794.5,78916302.68,530764353.2
Marla,Camaron.marla@hotmail.com,USA,1,47,566809515.1,87752696.17,108144300.6,526852395.7